{"stats":{"minecraft:picked_up":{"minecraft:stick":1,"minecraft:wheat":1,"minecraft:pumpkin":2,"minecraft:potato":3,"create:raw_zinc":4,"minecraft:dark_oak_log":28,"minecraft:dirt":20,"minecraft:raw_copper":10,"minecraft:stone_sword":1,"minecraft:apple":1,"minecraft:wheat_seeds":4,"minecraft:granite":25,"minecraft:baked_potato":2,"minecraft:coal":20,"minecraft:cobblestone":74},"minecraft:custom":{"minecraft:time_since_rest":3490,"minecraft:sprint_one_cm":56779,"minecraft:damage_taken":640,"minecraft:walk_one_cm":107134,"minecraft:interact_with_crafting_table":6,"minecraft:swim_one_cm":54365,"minecraft:interact_with_cartography_table":5,"minecraft:fly_one_cm":40500,"minecraft:open_chest":69,"minecraft:crouch_one_cm":1011,"minecraft:play_time":42193,"minecraft:interact_with_campfire":2,"minecraft:deaths":2,"minecraft:sneak_time":1009,"minecraft:walk_under_water_one_cm":11950,"minecraft:boat_one_cm":105645,"minecraft:jump":310,"minecraft:leave_game":8,"minecraft:walk_on_water_one_cm":6915,"minecraft:time_since_death":16515,"minecraft:sleep_in_bed":4,"minecraft:climb_one_cm":315,"minecraft:total_world_time":42193,"minecraft:fall_one_cm":3264},"minecraft:mined":{"minecraft:large_fern":1,"create:zinc_ore":4,"minecraft:wheat":1,"minecraft:dark_oak_log":28,"minecraft:pumpkin":2,"minecraft:grass":3,"minecraft:granite":25,"minecraft:coal_ore":20,"minecraft:potatoes":1,"minecraft:grass_block":10,"minecraft:dirt":10,"minecraft:copper_ore":3,"minecraft:cobblestone":1,"minecraft:stone":73},"minecraft:crafted":{"minecraft:stone_shovel":1,"minecraft:stick":24,"minecraft:dark_oak_wood":3,"minecraft:wooden_pickaxe":1,"minecraft:iron_pickaxe":2,"minecraft:iron_shovel":1,"minecraft:torch":36,"minecraft:dark_oak_planks":84,"minecraft:stone_axe":2},"minecraft:killed_by":{"minecraft:zombie":1},"minecraft:used":{"minecraft:wheat_seeds":4,"minecraft:apple":1,"minecraft:dark_oak_log":1,"minecraft:stone_shovel":31,"minecraft:stone_pickaxe":7,"minecraft:baked_potato":2,"minecraft:iron_pickaxe":121,"minecraft:rotten_flesh":1,"minecraft:torch":4,"minecraft:stone_axe":33,"minecraft:dirt":1,"minecraft:cobblestone":3,"minecraft:potato":3,"minecraft:granite":4}},"DataVersion":3465}