{"stats":{"minecraft:picked_up":{"minecraft:stick":1,"minecraft:crafting_table":1,"minecraft:wheat":1,"minecraft:clay_ball":16,"minecraft:pumpkin":2,"minecraft:potato":3,"minecraft:gravel":6,"minecraft:flint":3,"minecraft:tuff":15,"create:raw_zinc":4,"minecraft:dark_oak_log":28,"minecraft:dirt":20,"minecraft:raw_copper":10,"minecraft:stone_sword":1,"minecraft:apple":1,"minecraft:wheat_seeds":4,"minecraft:cobbled_deepslate":86,"minecraft:granite":40,"minecraft:baked_potato":2,"minecraft:coal":20,"minecraft:cobblestone":125},"minecraft:custom":{"minecraft:time_since_rest":14439,"minecraft:sprint_one_cm":57319,"minecraft:damage_taken":640,"minecraft:walk_one_cm":119817,"minecraft:interact_with_cartography_table":5,"minecraft:swim_one_cm":54365,"minecraft:interact_with_crafting_table":7,"minecraft:fly_one_cm":40708,"minecraft:open_chest":69,"minecraft:play_time":53142,"minecraft:crouch_one_cm":1011,"minecraft:interact_with_campfire":2,"minecraft:deaths":2,"minecraft:sneak_time":1009,"minecraft:walk_under_water_one_cm":11950,"minecraft:boat_one_cm":105645,"minecraft:jump":342,"minecraft:leave_game":10,"minecraft:time_since_death":27464,"minecraft:walk_on_water_one_cm":6915,"minecraft:sleep_in_bed":4,"minecraft:total_world_time":53142,"minecraft:climb_one_cm":315,"minecraft:fall_one_cm":3264},"minecraft:mined":{"minecraft:large_fern":1,"create:zinc_ore":4,"minecraft:tuff":15,"minecraft:wheat":1,"minecraft:dark_oak_log":28,"minecraft:pumpkin":2,"minecraft:clay":4,"minecraft:crafting_table":1,"minecraft:granite":40,"minecraft:grass":3,"minecraft:grass_block":10,"minecraft:potatoes":1,"minecraft:coal_ore":20,"minecraft:gravel":9,"minecraft:dirt":10,"minecraft:copper_ore":3,"minecraft:cobblestone":1,"minecraft:stone":124,"minecraft:deepslate":89},"minecraft:crafted":{"minecraft:stone_shovel":1,"minecraft:crafting_table":1,"minecraft:stick":28,"minecraft:wooden_pickaxe":1,"minecraft:dark_oak_wood":3,"minecraft:iron_pickaxe":2,"minecraft:stone_pickaxe":2,"minecraft:iron_shovel":1,"minecraft:dark_oak_planks":188,"minecraft:torch":36,"minecraft:stone_axe":2},"minecraft:killed_by":{"minecraft:zombie":1},"minecraft:used":{"minecraft:wheat_seeds":4,"minecraft:apple":1,"minecraft:dark_oak_log":1,"minecraft:stone_shovel":43,"minecraft:stone_pickaxe":162,"minecraft:baked_potato":2,"minecraft:iron_pickaxe":137,"minecraft:torch":12,"minecraft:rotten_flesh":1,"minecraft:stone_axe":34,"minecraft:dirt":1,"minecraft:cobblestone":4,"minecraft:crafting_table":1,"minecraft:potato":3,"minecraft:granite":4}},"DataVersion":3465}