{"stats":{"minecraft:picked_up":{"minecraft:stick":1,"minecraft:stone_sword":1,"minecraft:apple":1,"create:raw_zinc":4,"minecraft:dark_oak_log":1,"minecraft:cobblestone":8},"minecraft:custom":{"minecraft:open_chest":55,"minecraft:time_since_rest":5551,"minecraft:damage_taken":610,"minecraft:play_time":30193,"minecraft:sprint_one_cm":44726,"minecraft:deaths":2,"minecraft:walk_one_cm":50806,"minecraft:sneak_time":257,"minecraft:walk_under_water_one_cm":11523,"minecraft:boat_one_cm":105645,"minecraft:jump":147,"minecraft:leave_game":8,"minecraft:time_since_death":4515,"minecraft:walk_on_water_one_cm":4681,"minecraft:sleep_in_bed":2,"minecraft:total_world_time":30193,"minecraft:climb_one_cm":315,"minecraft:swim_one_cm":49519,"minecraft:interact_with_cartography_table":5,"minecraft:interact_with_crafting_table":6,"minecraft:fall_one_cm":1797,"minecraft:fly_one_cm":32579},"minecraft:mined":{"minecraft:cobblestone":1,"minecraft:dark_oak_log":1,"minecraft:stone":7,"create:zinc_ore":4},"minecraft:crafted":{"minecraft:iron_shovel":1,"minecraft:stone_shovel":1,"minecraft:dark_oak_planks":84,"minecraft:stone_axe":2,"minecraft:stick":24,"minecraft:wooden_pickaxe":1,"minecraft:iron_pickaxe":2},"minecraft:killed_by":{"minecraft:zombie":1},"minecraft:used":{"minecraft:rotten_flesh":1,"minecraft:apple":1,"minecraft:cobblestone":3,"minecraft:dark_oak_log":1,"minecraft:stone_pickaxe":7,"minecraft:iron_pickaxe":7}},"DataVersion":3465}