{"stats":{"minecraft:picked_up":{"minecraft:stone_sword":1,"minecraft:dark_oak_log":1,"minecraft:cobblestone":5},"minecraft:custom":{"minecraft:time_since_rest":750,"minecraft:open_chest":41,"minecraft:damage_taken":210,"minecraft:play_time":22090,"minecraft:sprint_one_cm":24159,"minecraft:deaths":1,"minecraft:walk_one_cm":46351,"minecraft:sneak_time":69,"minecraft:walk_under_water_one_cm":6336,"minecraft:boat_one_cm":105645,"minecraft:jump":133,"minecraft:leave_game":2,"minecraft:time_since_death":703,"minecraft:walk_on_water_one_cm":3501,"minecraft:sleep_in_bed":2,"minecraft:total_world_time":22090,"minecraft:climb_one_cm":315,"minecraft:swim_one_cm":23058,"minecraft:interact_with_cartography_table":5,"minecraft:interact_with_crafting_table":4,"minecraft:fall_one_cm":1797,"minecraft:fly_one_cm":29701},"minecraft:mined":{"minecraft:cobblestone":1,"minecraft:dark_oak_log":1,"minecraft:stone":4},"minecraft:crafted":{"minecraft:iron_shovel":1,"minecraft:dark_oak_planks":76,"minecraft:stone_axe":1,"minecraft:stick":8,"minecraft:wooden_pickaxe":1,"minecraft:iron_pickaxe":1},"minecraft:used":{"minecraft:rotten_flesh":1,"minecraft:cobblestone":1,"minecraft:dark_oak_log":1,"minecraft:stone_pickaxe":7}},"DataVersion":3465}