{"stats":{"minecraft:picked_up":{"minecraft:crafting_table":1,"minecraft:wheat":16,"minecraft:clay_ball":64,"minecraft:potato":3,"minecraft:flint":3,"minecraft:tuff":18,"create:raw_zinc":4,"minecraft:lapis_lazuli":11,"minecraft:dirt":20,"minecraft:raw_copper":10,"minecraft:apple":1,"minecraft:wheat_seeds":48,"minecraft:cobbled_deepslate":185,"minecraft:raw_gold":6,"minecraft:stone_pickaxe":1,"minecraft:stick":1,"minecraft:pumpkin":2,"minecraft:gravel":6,"minecraft:redstone":24,"minecraft:dark_oak_log":28,"minecraft:stone_sword":1,"minecraft:granite":40,"minecraft:baked_potato":2,"minecraft:coal":20,"minecraft:cobblestone":126},"minecraft:custom":{"minecraft:interact_with_cartography_table":5,"minecraft:interact_with_crafting_table":9,"minecraft:interact_with_campfire":2,"minecraft:leave_game":12,"minecraft:time_since_death":44177,"minecraft:sleep_in_bed":4,"minecraft:climb_one_cm":315,"minecraft:time_since_rest":31152,"minecraft:sprint_one_cm":64837,"minecraft:damage_taken":650,"minecraft:walk_one_cm":165691,"minecraft:drop":1,"minecraft:swim_one_cm":54365,"minecraft:fly_one_cm":47521,"minecraft:open_chest":76,"minecraft:crouch_one_cm":1011,"minecraft:play_time":69855,"minecraft:deaths":2,"minecraft:sneak_time":1010,"minecraft:walk_under_water_one_cm":12270,"minecraft:boat_one_cm":105645,"minecraft:jump":554,"minecraft:walk_on_water_one_cm":7247,"minecraft:total_world_time":69855,"minecraft:fall_one_cm":4557},"minecraft:mined":{"create:zinc_ore":4,"minecraft:deepslate_redstone_ore":2,"minecraft:tuff":18,"minecraft:dark_oak_log":28,"minecraft:crafting_table":1,"minecraft:clay":16,"minecraft:granite":40,"minecraft:grass_block":10,"minecraft:cobblestone":1,"minecraft:tall_grass":1,"minecraft:copper_ore":3,"minecraft:deepslate_gold_ore":9,"minecraft:large_fern":1,"minecraft:redstone_ore":3,"minecraft:wheat":16,"minecraft:pumpkin":2,"minecraft:deepslate_lapis_ore":2,"minecraft:grass":3,"minecraft:potatoes":1,"minecraft:coal_ore":20,"minecraft:dirt":10,"minecraft:gravel":9,"minecraft:stone":125,"minecraft:deepslate":185},"minecraft:crafted":{"minecraft:stone_shovel":1,"minecraft:crafting_table":1,"minecraft:wooden_pickaxe":1,"minecraft:dark_oak_wood":3,"minecraft:stone_axe":2,"minecraft:stick":40,"minecraft:iron_pickaxe":2,"minecraft:stone_pickaxe":7,"minecraft:stone_sword":1,"minecraft:iron_shovel":1,"minecraft:dark_oak_planks":188,"minecraft:torch":48},"minecraft:dropped":{"minecraft:stone_pickaxe":1},"minecraft:killed_by":{"minecraft:zombie":1},"minecraft:used":{"minecraft:wheat_seeds":19,"minecraft:stone_shovel":55,"minecraft:stone_pickaxe":262,"minecraft:baked_potato":2,"minecraft:rotten_flesh":1,"minecraft:torch":18,"minecraft:dirt":1,"minecraft:crafting_table":1,"minecraft:granite":4,"minecraft:apple":1,"minecraft:dark_oak_log":1,"minecraft:iron_pickaxe":153,"minecraft:stone_axe":34,"minecraft:cobblestone":5,"minecraft:potato":3,"minecraft:cobbled_deepslate":1}},"DataVersion":3465}