{"stats":{"minecraft:killed":{"minecraft:zombie":1,"minecraft:salmon":4},"minecraft:mined":{"minecraft:iron_ore":19,"minecraft:birch_log":7,"minecraft:fire":11,"minecraft:andesite":16,"minecraft:crafting_table":1,"minecraft:granite":1,"minecraft:oak_log":4,"minecraft:coal_ore":14,"minecraft:deepslate_iron_ore":1,"create:ochrum":1,"minecraft:cobblestone":2,"minecraft:stone":59,"minecraft:deepslate":2,"minecraft:diorite":14,"minecraft:oak_leaves":8},"minecraft:custom":{"minecraft:time_since_rest":25700,"minecraft:interact_with_furnace":2,"minecraft:sprint_one_cm":31907,"minecraft:damage_taken":700,"minecraft:walk_one_cm":51874,"minecraft:mob_kills":5,"minecraft:damage_dealt":538,"minecraft:swim_one_cm":9169,"minecraft:interact_with_crafting_table":1,"minecraft:fly_one_cm":30996,"minecraft:crouch_one_cm":1040,"minecraft:play_time":28283,"minecraft:deaths":2,"minecraft:sneak_time":908,"minecraft:walk_under_water_one_cm":18904,"minecraft:jump":272,"minecraft:leave_game":1,"minecraft:walk_on_water_one_cm":8846,"minecraft:time_since_death":24451,"minecraft:total_world_time":28283,"minecraft:fall_one_cm":6287},"minecraft:crafted":{"minecraft:cooked_beef":3,"minecraft:oak_planks":16,"minecraft:crafting_table":1,"minecraft:stick":4,"minecraft:stone_pickaxe":1,"minecraft:air":0},"minecraft:picked_up":{"minecraft:birch_log":7,"minecraft:raw_iron":20,"minecraft:crafting_table":1,"minecraft:andesite":16,"minecraft:salmon":3,"minecraft:wooden_pickaxe":1,"minecraft:gravel":1,"minecraft:oak_log":4,"minecraft:diorite":10,"minecraft:rotten_flesh":2,"minecraft:cobbled_deepslate":2,"create:ochrum":1,"minecraft:granite":3,"minecraft:bone_meal":1,"minecraft:glow_berries":1,"minecraft:oak_sapling":1,"minecraft:coal":14,"minecraft:cobblestone":70},"minecraft:broken":{"minecraft:wooden_pickaxe":1,"minecraft:stone_pickaxe":1},"minecraft:used":{"minecraft:diorite":1,"minecraft:stone_pickaxe":116,"minecraft:wooden_pickaxe":31,"minecraft:glow_berries":1,"minecraft:crafting_table":2,"minecraft:cooked_beef":1}},"DataVersion":3465}