{"stats":{"minecraft:killed":{"minecraft:salmon":4,"minecraft:skeleton":3,"minecraft:zombie":4,"minecraft:drowned":1},"minecraft:mined":{"create:deepslate_zinc_ore":2,"minecraft:tuff":32,"minecraft:dark_oak_log":8,"minecraft:crafting_table":2,"minecraft:granite":1,"create:ochrum":1,"create:water_wheel":2,"minecraft:copper_ore":13,"minecraft:cobblestone":2,"minecraft:diorite":14,"create:large_water_wheel":1,"minecraft:raw_iron_block":1,"create:shaft":3,"minecraft:furnace":1,"minecraft:birch_log":7,"minecraft:iron_ore":40,"minecraft:fire":16,"minecraft:andesite":44,"minecraft:oak_log":6,"minecraft:coal_ore":67,"minecraft:deepslate_iron_ore":32,"minecraft:stone":72,"minecraft:netherrack":8,"create:mechanical_press":1,"minecraft:oak_leaves":8,"minecraft:deepslate":58,"minecraft:dark_oak_planks":1},"minecraft:custom":{"minecraft:interact_with_furnace":32,"minecraft:mob_kills":12,"minecraft:interact_with_crafting_table":18,"minecraft:interact_with_cartography_table":1,"minecraft:leave_game":2,"minecraft:time_since_death":84304,"minecraft:climb_one_cm":822,"minecraft:time_since_rest":85553,"minecraft:sprint_one_cm":106224,"minecraft:damage_taken":1210,"minecraft:walk_one_cm":217956,"minecraft:drop":16,"minecraft:damage_dealt":1622,"minecraft:swim_one_cm":34580,"minecraft:fly_one_cm":93612,"minecraft:open_chest":34,"minecraft:crouch_one_cm":5069,"minecraft:play_time":88136,"minecraft:sneak_time":2120,"minecraft:deaths":2,"minecraft:walk_under_water_one_cm":38048,"minecraft:jump":943,"minecraft:walk_on_water_one_cm":32503,"minecraft:total_world_time":88136,"minecraft:fall_one_cm":18289},"minecraft:crafted":{"minecraft:cooked_beef":3,"minecraft:oak_planks":52,"create:andesite_alloy":21,"minecraft:raw_iron":36,"minecraft:iron_nugget":54,"minecraft:crafting_table":4,"minecraft:spruce_planks":32,"create:large_water_wheel":4,"minecraft:furnace":3,"minecraft:bucket":2,"minecraft:birch_planks":4,"minecraft:stone_axe":1,"minecraft:air":0,"minecraft:flint_and_steel":1,"create:water_wheel":4,"minecraft:stick":12,"minecraft:iron_ingot":126,"minecraft:iron_pickaxe":2,"minecraft:stone_pickaxe":3,"minecraft:chest":2,"minecraft:spruce_boat":1,"create:shaft":16,"minecraft:dark_oak_planks":36},"minecraft:dropped":{"minecraft:water_bucket":1,"minecraft:iron_ingot":3,"minecraft:bread":3,"minecraft:stone_axe":1,"minecraft:moss_block":1,"minecraft:cooked_beef":1,"minecraft:oak_log":9,"minecraft:rotten_flesh":4,"minecraft:coal":20,"create:andesite_casing":1,"minecraft:bone_meal":1,"minecraft:iron_pickaxe":1},"minecraft:picked_up":{"minecraft:nautilus_shell":1,"minecraft:crafting_table":2,"minecraft:andesite":44,"minecraft:salmon":3,"minecraft:leather":2,"minecraft:wooden_pickaxe":1,"minecraft:flint":1,"minecraft:tuff":31,"create:raw_zinc":2,"minecraft:oak_log":22,"minecraft:lapis_lazuli":5,"minecraft:dirt":11,"minecraft:raw_copper":59,"minecraft:bone":3,"create:water_wheel":2,"minecraft:bow":1,"create:mechanical_press":1,"minecraft:cobbled_deepslate":59,"minecraft:iron_ingot":1,"create:shaft":3,"minecraft:moss_block":1,"minecraft:oak_planks":1,"minecraft:furnace":1,"minecraft:raw_iron":106,"create:large_water_wheel":1,"minecraft:torch":3,"create:andesite_casing":1,"minecraft:raw_iron_block":4,"minecraft:gravel":2,"minecraft:diorite":18,"minecraft:dark_oak_log":8,"minecraft:dark_oak_planks":1,"minecraft:arrow":4,"minecraft:rotten_flesh":7,"minecraft:spruce_boat":1,"minecraft:stone_axe":1,"create:ochrum":1,"minecraft:granite":13,"minecraft:bone_meal":1,"minecraft:bread":2,"minecraft:oak_sapling":2,"minecraft:glow_berries":6,"minecraft:netherrack":8,"minecraft:coal":79,"minecraft:white_wool":2,"minecraft:cobblestone":126,"minecraft:birch_log":7},"minecraft:used":{"minecraft:water_bucket":2,"minecraft:diorite":9,"minecraft:flint_and_steel":1,"minecraft:stone_pickaxe":245,"minecraft:oak_planks":1,"minecraft:chest":2,"minecraft:wooden_pickaxe":31,"minecraft:rotten_flesh":2,"minecraft:netherrack":4,"minecraft:torch":3,"minecraft:glow_berries":11,"minecraft:crafting_table":6,"minecraft:tuff":31,"minecraft:spruce_boat":1,"minecraft:dark_oak_planks":7,"create:mechanical_press":1,"minecraft:bread":5,"minecraft:iron_pickaxe":149,"create:water_wheel":2,"minecraft:gravel":2,"create:large_water_wheel":3,"minecraft:stone_axe":20,"minecraft:cobblestone":2,"minecraft:bow":1,"create:shaft":6,"minecraft:sweet_berries":7,"minecraft:furnace":4,"minecraft:andesite":1,"minecraft:bucket":4,"minecraft:cooked_beef":2},"minecraft:broken":{"minecraft:stone_pickaxe":2,"minecraft:wooden_pickaxe":1}},"DataVersion":3465}