{"stats":{"minecraft:killed":{"minecraft:salmon":4,"minecraft:skeleton":3,"minecraft:zombie":3},"minecraft:mined":{"create:deepslate_zinc_ore":2,"minecraft:tuff":32,"minecraft:dark_oak_log":8,"minecraft:crafting_table":2,"minecraft:granite":1,"create:ochrum":1,"minecraft:copper_ore":13,"minecraft:cobblestone":2,"minecraft:diorite":14,"minecraft:raw_iron_block":1,"minecraft:birch_log":7,"minecraft:iron_ore":40,"minecraft:fire":15,"minecraft:andesite":44,"minecraft:coal_ore":67,"minecraft:oak_log":6,"minecraft:deepslate_iron_ore":32,"minecraft:stone":72,"minecraft:netherrack":8,"minecraft:oak_leaves":8,"minecraft:deepslate":58},"minecraft:custom":{"minecraft:interact_with_furnace":25,"minecraft:mob_kills":10,"minecraft:interact_with_cartography_table":1,"minecraft:interact_with_crafting_table":10,"minecraft:leave_game":1,"minecraft:time_since_death":72451,"minecraft:climb_one_cm":822,"minecraft:time_since_rest":73700,"minecraft:sprint_one_cm":104927,"minecraft:damage_taken":1160,"minecraft:walk_one_cm":193136,"minecraft:drop":11,"minecraft:damage_dealt":1320,"minecraft:swim_one_cm":34580,"minecraft:fly_one_cm":92949,"minecraft:open_chest":11,"minecraft:crouch_one_cm":5069,"minecraft:play_time":76283,"minecraft:deaths":2,"minecraft:sneak_time":2120,"minecraft:walk_under_water_one_cm":38015,"minecraft:jump":918,"minecraft:walk_on_water_one_cm":26151,"minecraft:total_world_time":76283,"minecraft:fall_one_cm":18289},"minecraft:crafted":{"minecraft:cooked_beef":3,"minecraft:oak_planks":52,"minecraft:raw_iron":36,"minecraft:crafting_table":4,"minecraft:spruce_planks":32,"minecraft:furnace":3,"minecraft:bucket":1,"minecraft:birch_planks":4,"minecraft:stone_axe":1,"minecraft:air":0,"minecraft:flint_and_steel":1,"minecraft:stick":12,"minecraft:iron_ingot":113,"minecraft:iron_pickaxe":2,"minecraft:stone_pickaxe":3,"minecraft:chest":2,"minecraft:spruce_boat":1,"minecraft:dark_oak_planks":32},"minecraft:dropped":{"minecraft:water_bucket":1,"minecraft:bread":3,"minecraft:stone_axe":1,"minecraft:moss_block":1,"minecraft:cooked_beef":1,"minecraft:oak_log":9,"minecraft:rotten_flesh":4,"minecraft:coal":20,"minecraft:iron_pickaxe":1},"minecraft:picked_up":{"minecraft:birch_log":7,"minecraft:crafting_table":2,"minecraft:salmon":3,"minecraft:andesite":44,"minecraft:leather":2,"minecraft:wooden_pickaxe":1,"minecraft:flint":1,"minecraft:tuff":31,"create:raw_zinc":2,"minecraft:oak_log":22,"minecraft:lapis_lazuli":5,"minecraft:dirt":11,"minecraft:raw_copper":59,"minecraft:bone":3,"minecraft:bow":1,"minecraft:cobbled_deepslate":59,"minecraft:iron_ingot":1,"minecraft:moss_block":1,"minecraft:oak_planks":1,"minecraft:raw_iron":92,"minecraft:torch":3,"minecraft:raw_iron_block":4,"minecraft:gravel":2,"minecraft:diorite":18,"minecraft:dark_oak_log":8,"minecraft:arrow":4,"minecraft:rotten_flesh":6,"minecraft:spruce_boat":1,"minecraft:stone_axe":1,"create:ochrum":1,"minecraft:granite":13,"minecraft:bone_meal":1,"minecraft:bread":2,"minecraft:oak_sapling":2,"minecraft:netherrack":8,"minecraft:glow_berries":6,"minecraft:coal":79,"minecraft:white_wool":2,"minecraft:cobblestone":126},"minecraft:used":{"minecraft:water_bucket":1,"minecraft:diorite":9,"minecraft:flint_and_steel":1,"minecraft:stone_pickaxe":244,"minecraft:oak_planks":1,"minecraft:chest":2,"minecraft:wooden_pickaxe":31,"minecraft:netherrack":4,"minecraft:torch":3,"minecraft:glow_berries":11,"minecraft:crafting_table":6,"minecraft:tuff":31,"minecraft:spruce_boat":1,"minecraft:dark_oak_planks":5,"minecraft:bread":5,"minecraft:iron_pickaxe":142,"minecraft:gravel":2,"minecraft:stone_axe":15,"minecraft:cobblestone":2,"minecraft:bow":1,"minecraft:sweet_berries":7,"minecraft:furnace":3,"minecraft:andesite":1,"minecraft:bucket":2,"minecraft:cooked_beef":2},"minecraft:broken":{"minecraft:stone_pickaxe":2,"minecraft:wooden_pickaxe":1}},"DataVersion":3465}