{"stats":{"minecraft:killed":{"minecraft:salmon":4,"minecraft:skeleton":2,"minecraft:zombie":2},"minecraft:mined":{"create:deepslate_zinc_ore":2,"minecraft:tuff":32,"minecraft:crafting_table":1,"minecraft:granite":1,"create:ochrum":1,"minecraft:copper_ore":13,"minecraft:cobblestone":2,"minecraft:diorite":14,"minecraft:raw_iron_block":1,"minecraft:birch_log":7,"minecraft:iron_ore":40,"minecraft:fire":11,"minecraft:andesite":43,"minecraft:coal_ore":60,"minecraft:oak_log":6,"minecraft:deepslate_iron_ore":28,"minecraft:stone":72,"minecraft:oak_leaves":8,"minecraft:deepslate":53},"minecraft:custom":{"minecraft:interact_with_furnace":16,"minecraft:mob_kills":8,"minecraft:interact_with_crafting_table":6,"minecraft:leave_game":1,"minecraft:time_since_death":48451,"minecraft:time_since_rest":49700,"minecraft:sprint_one_cm":40769,"minecraft:damage_taken":890,"minecraft:walk_one_cm":127991,"minecraft:drop":7,"minecraft:damage_dealt":990,"minecraft:swim_one_cm":22202,"minecraft:fly_one_cm":34465,"minecraft:crouch_one_cm":3384,"minecraft:play_time":52283,"minecraft:deaths":2,"minecraft:sneak_time":1550,"minecraft:walk_under_water_one_cm":32870,"minecraft:jump":486,"minecraft:walk_on_water_one_cm":18775,"minecraft:total_world_time":52283,"minecraft:fall_one_cm":8251},"minecraft:crafted":{"minecraft:cooked_beef":3,"minecraft:oak_planks":16,"minecraft:crafting_table":3,"minecraft:furnace":2,"minecraft:air":0,"minecraft:stick":8,"minecraft:iron_ingot":25,"minecraft:iron_pickaxe":2,"minecraft:stone_pickaxe":2},"minecraft:dropped":{"minecraft:stone_axe":1,"minecraft:moss_block":1,"minecraft:cooked_beef":1,"minecraft:oak_log":9,"minecraft:rotten_flesh":4,"minecraft:coal":20,"minecraft:iron_pickaxe":1},"minecraft:picked_up":{"minecraft:birch_log":7,"minecraft:crafting_table":1,"minecraft:salmon":3,"minecraft:andesite":43,"minecraft:leather":2,"minecraft:wooden_pickaxe":1,"minecraft:tuff":31,"create:raw_zinc":2,"minecraft:oak_log":22,"minecraft:lapis_lazuli":5,"minecraft:dirt":11,"minecraft:raw_copper":59,"minecraft:bone":2,"minecraft:bow":1,"minecraft:cobbled_deepslate":56,"minecraft:iron_ingot":1,"minecraft:moss_block":1,"minecraft:oak_planks":1,"minecraft:raw_iron":88,"minecraft:torch":3,"minecraft:raw_iron_block":4,"minecraft:gravel":2,"minecraft:diorite":18,"minecraft:arrow":3,"minecraft:rotten_flesh":4,"minecraft:stone_axe":1,"create:ochrum":1,"minecraft:granite":13,"minecraft:bone_meal":1,"minecraft:oak_sapling":2,"minecraft:glow_berries":1,"minecraft:coal":72,"minecraft:white_wool":2,"minecraft:cobblestone":126},"minecraft:used":{"minecraft:diorite":7,"minecraft:stone_pickaxe":235,"minecraft:oak_planks":1,"minecraft:wooden_pickaxe":31,"minecraft:torch":3,"minecraft:glow_berries":1,"minecraft:crafting_table":4,"minecraft:tuff":31,"minecraft:iron_pickaxe":126,"minecraft:gravel":2,"minecraft:cobblestone":2,"minecraft:bow":1,"minecraft:furnace":2,"minecraft:cooked_beef":2},"minecraft:broken":{"minecraft:stone_pickaxe":2,"minecraft:wooden_pickaxe":1}},"DataVersion":3465}