{"stats":{"minecraft:killed_by":{"minecraft:player":1,"minecraft:piglin_brute":3,"minecraft:piglin":1,"minecraft:hoglin":1,"minecraft:skeleton":1},"minecraft:killed":{"minecraft:spider":1,"minecraft:skeleton":3,"minecraft:chicken":2,"minecraft:drowned":2,"minecraft:piglin_brute":4,"minecraft:piglin":3,"minecraft:pig":3,"minecraft:salmon":4,"minecraft:hoglin":2,"minecraft:creeper":3,"minecraft:sheep":1,"minecraft:zombie":8,"minecraft:wither_skeleton":1,"minecraft:blaze":2,"minecraft:cow":9},"minecraft:mined":{"minecraft:dark_oak_planks":1,"minecraft:nether_gold_ore":5,"create:deepslate_zinc_ore":2,"minecraft:tuff":32,"minecraft:white_bed":1,"minecraft:dark_oak_log":57,"minecraft:granite":1,"minecraft:jungle_log":4,"minecraft:cracked_polished_blackstone_bricks":8,"minecraft:weeping_vines":4,"create:ochrum":1,"minecraft:soul_soil":1,"minecraft:kelp":1,"minecraft:red_mushroom":1,"minecraft:crimson_stem":18,"minecraft:weeping_vines_plant":2,"minecraft:hay_block":12,"minecraft:polished_blackstone_bricks":15,"minecraft:tall_seagrass":1,"minecraft:raw_iron_block":1,"create:shaft":4,"minecraft:furnace":1,"minecraft:iron_ore":47,"minecraft:fire":38,"minecraft:andesite":58,"create:scorchia":5,"minecraft:gold_block":2,"minecraft:bell":1,"minecraft:shroomlight":1,"minecraft:pointed_dripstone":6,"minecraft:deepslate_iron_ore":32,"minecraft:bamboo":2,"minecraft:stone":79,"create:veridium":1,"create:mechanical_press":3,"minecraft:kelp_plant":7,"minecraft:soul_fire":7,"minecraft:crimson_nylium":4,"minecraft:basalt":4,"minecraft:crafting_table":2,"create:fluid_pipe":1,"create:mechanical_pump":1,"minecraft:melon":2,"create:water_wheel":2,"minecraft:copper_ore":35,"minecraft:tall_grass":1,"minecraft:cobblestone":2,"minecraft:sugar_cane":4,"minecraft:diorite":15,"minecraft:warped_wart_block":1,"create:large_water_wheel":1,"minecraft:seagrass":3,"create:water_wheel_structure":1,"minecraft:nether_wart_block":16,"minecraft:birch_log":7,"minecraft:yellow_bed":2,"minecraft:stone_brick_stairs":2,"minecraft:grass":5,"minecraft:oak_log":9,"minecraft:coal_ore":67,"minecraft:dripstone_block":14,"minecraft:sand":6,"minecraft:dirt":2,"minecraft:crimson_planks":9,"minecraft:netherrack":164,"minecraft:gold_ore":4,"minecraft:oak_leaves":9,"minecraft:deepslate":58,"minecraft:fern":3},"minecraft:custom":{"minecraft:mob_kills":52,"minecraft:interact_with_crafting_table":36,"minecraft:leave_game":5,"minecraft:time_since_death":20280,"minecraft:climb_one_cm":2955,"minecraft:sprint_one_cm":494378,"minecraft:walk_one_cm":699487,"minecraft:drop":38,"minecraft:play_time":260027,"minecraft:sneak_time":9603,"minecraft:deaths":11,"minecraft:walk_under_water_one_cm":76492,"minecraft:jump":3934,"minecraft:walk_on_water_one_cm":57802,"minecraft:total_world_time":260027,"minecraft:interact_with_furnace":62,"minecraft:interact_with_cartography_table":1,"minecraft:sleep_in_bed":4,"minecraft:time_since_rest":20316,"minecraft:damage_taken":5015,"minecraft:damage_dealt":9915,"minecraft:swim_one_cm":105334,"minecraft:fly_one_cm":678213,"minecraft:open_chest":123,"minecraft:crouch_one_cm":30306,"minecraft:fall_one_cm":101385},"minecraft:crafted":{"minecraft:oak_planks":64,"minecraft:raw_iron":36,"create:wrench":1,"minecraft:iron_nugget":54,"minecraft:furnace":3,"minecraft:flint_and_steel":1,"minecraft:iron_axe":1,"minecraft:stone_pickaxe":6,"minecraft:chest":2,"minecraft:spruce_boat":1,"minecraft:dried_kelp_block":2,"minecraft:dark_oak_planks":40,"minecraft:stone_hoe":1,"create:cogwheel":1,"minecraft:wheat":108,"minecraft:cooked_beef":3,"minecraft:crimson_planks":60,"create:andesite_alloy":21,"minecraft:crafting_table":5,"minecraft:spruce_planks":32,"minecraft:baked_potato":7,"minecraft:dried_kelp":3,"create:fluid_pipe":16,"create:large_water_wheel":4,"minecraft:copper_ingot":16,"minecraft:bucket":2,"minecraft:birch_planks":12,"minecraft:stone_axe":1,"minecraft:bread":36,"minecraft:air":0,"create:water_wheel":4,"minecraft:stick":24,"minecraft:iron_ingot":126,"minecraft:iron_pickaxe":2,"minecraft:stone_sword":1,"minecraft:gold_ingot":26,"minecraft:white_bed":1,"create:shaft":16,"minecraft:shears":1},"minecraft:dropped":{"minecraft:water_bucket":1,"minecraft:iron_ingot":6,"minecraft:bread":3,"minecraft:moss_block":1,"minecraft:cooked_beef":1,"minecraft:oak_log":9,"minecraft:feather":2,"minecraft:cobblestone":1,"minecraft:copper_ingot":30,"minecraft:coal":20,"create:andesite_casing":1,"minecraft:dried_kelp":26,"minecraft:bone_meal":1,"minecraft:iron_pickaxe":1,"minecraft:white_wool":1,"minecraft:gold_ingot":8,"minecraft:gravel":1,"minecraft:kelp":2,"minecraft:stone_axe":1,"minecraft:chicken":2,"minecraft:rotten_flesh":5,"minecraft:stone_brick_stairs":2,"create:andesite_alloy":2},"minecraft:picked_up":{"create:copper_sheet":8,"minecraft:crafting_table":2,"minecraft:chicken":2,"minecraft:wooden_pickaxe":1,"minecraft:gold_block":2,"minecraft:stone_brick_stairs":2,"minecraft:crimson_planks":23,"minecraft:golden_sword":1,"minecraft:raw_copper":134,"minecraft:soul_soil":1,"create:fluid_pipe":1,"create:scorchia":5,"minecraft:shroomlight":1,"create:water_wheel":2,"create:mechanical_press":3,"minecraft:gold_nugget":22,"minecraft:cobbled_deepslate":59,"minecraft:beef":13,"minecraft:melon_slice":12,"minecraft:sugar_cane":10,"minecraft:furnace":1,"minecraft:raw_iron":112,"create:golden_sheet":4,"minecraft:copper_ingot":22,"minecraft:torch":3,"create:andesite_casing":1,"minecraft:porkchop":16,"minecraft:polished_blackstone_bricks":15,"minecraft:pointed_dripstone":33,"minecraft:diorite":19,"minecraft:trident":1,"minecraft:dark_oak_planks":1,"minecraft:arrow":4,"minecraft:weeping_vines":3,"minecraft:rotten_flesh":10,"create:ochrum":1,"minecraft:hay_block":12,"create:veridium":1,"minecraft:gold_ingot":4,"minecraft:blaze_rod":2,"minecraft:glow_berries":6,"minecraft:rail":5,"minecraft:white_wool":6,"minecraft:cobblestone":131,"minecraft:nautilus_shell":1,"minecraft:birch_log":7,"create:iron_sheet":1,"minecraft:cooked_beef":3,"minecraft:feather":2,"minecraft:basalt":3,"minecraft:crimson_stem":17,"minecraft:andesite":58,"minecraft:salmon":3,"minecraft:jungle_log":4,"minecraft:leather":12,"minecraft:golden_leggings":2,"minecraft:red_mushroom":2,"minecraft:flint":1,"create:andesite_alloy":2,"minecraft:tuff":31,"create:raw_zinc":2,"minecraft:oak_log":25,"minecraft:yellow_bed":2,"minecraft:nether_wart_block":15,"minecraft:gunpowder":3,"minecraft:lapis_lazuli":5,"minecraft:dirt":59,"minecraft:cooked_mutton":1,"minecraft:bone":3,"minecraft:kelp":72,"minecraft:bow":1,"minecraft:raw_gold":4,"minecraft:bell":1,"minecraft:iron_ingot":1,"minecraft:stone_pickaxe":4,"create:shaft":5,"minecraft:bamboo":64,"minecraft:moss_block":1,"minecraft:iron_sword":1,"minecraft:oak_planks":1,"create:large_water_wheel":2,"minecraft:cooked_porkchop":2,"create:cogwheel":1,"minecraft:warped_wart_block":1,"minecraft:dripstone_block":13,"minecraft:raw_iron_block":4,"minecraft:gravel":3,"minecraft:sand":4,"minecraft:white_bed":1,"minecraft:dark_oak_log":58,"minecraft:spruce_boat":4,"minecraft:stone_axe":5,"minecraft:cracked_polished_blackstone_bricks":8,"create:mechanical_pump":1,"minecraft:granite":13,"minecraft:bone_meal":1,"minecraft:bread":35,"minecraft:baked_potato":1,"minecraft:oak_sapling":2,"minecraft:netherrack":172,"minecraft:coal":79},"minecraft:broken":{"minecraft:stone_sword":1,"minecraft:wooden_pickaxe":1,"minecraft:stone_pickaxe":2},"minecraft:used":{"minecraft:stone_sword":95,"minecraft:flint_and_steel":4,"create:scorchia":3,"minecraft:dried_kelp":23,"minecraft:chest":2,"minecraft:iron_sword":41,"minecraft:stone_hoe":6,"minecraft:rotten_flesh":2,"minecraft:netherrack":117,"minecraft:torch":3,"minecraft:warped_wart_block":1,"create:mechanical_pump":1,"minecraft:dirt":14,"create:cogwheel":1,"minecraft:tuff":31,"minecraft:spruce_boat":5,"minecraft:dark_oak_planks":7,"minecraft:iron_axe":31,"minecraft:crimson_planks":49,"minecraft:bow":1,"minecraft:beef":10,"create:shaft":6,"minecraft:sweet_berries":7,"minecraft:furnace":4,"minecraft:potato":4,"create:fluid_pipe":1,"minecraft:cooked_beef":5,"minecraft:crimson_stem":2,"minecraft:cooked_mutton":1,"minecraft:water_bucket":2,"minecraft:diorite":9,"minecraft:baked_potato":7,"minecraft:oak_planks":6,"minecraft:stone_pickaxe":472,"minecraft:wooden_pickaxe":31,"minecraft:polished_blackstone_bricks":14,"minecraft:glow_berries":11,"minecraft:sand":1,"minecraft:crafting_table":6,"minecraft:white_bed":1,"create:mechanical_press":3,"minecraft:cracked_polished_blackstone_bricks":8,"minecraft:bread":21,"minecraft:iron_pickaxe":220,"create:water_wheel":2,"minecraft:gravel":2,"create:large_water_wheel":6,"minecraft:golden_leggings":1,"minecraft:stone_axe":85,"minecraft:nether_wart_block":9,"minecraft:cobblestone":2,"minecraft:porkchop":4,"minecraft:cooked_porkchop":2,"minecraft:andesite":1,"minecraft:bucket":7,"minecraft:yellow_bed":2}},"DataVersion":3465}