{"stats":{"minecraft:killed_by":{"minecraft:player":1,"minecraft:piglin_brute":2,"minecraft:piglin":1,"minecraft:skeleton":1},"minecraft:killed":{"minecraft:skeleton":3,"minecraft:chicken":2,"minecraft:drowned":2,"minecraft:piglin_brute":2,"minecraft:piglin":1,"minecraft:salmon":4,"minecraft:creeper":1,"minecraft:zombie":5,"minecraft:cow":2},"minecraft:mined":{"minecraft:dark_oak_planks":1,"minecraft:nether_gold_ore":5,"create:deepslate_zinc_ore":2,"minecraft:tuff":32,"minecraft:dark_oak_log":57,"minecraft:granite":1,"minecraft:weeping_vines":2,"create:ochrum":1,"minecraft:soul_soil":1,"minecraft:red_mushroom":1,"minecraft:crimson_stem":14,"minecraft:polished_blackstone_bricks":3,"minecraft:tall_seagrass":1,"minecraft:raw_iron_block":1,"create:shaft":4,"minecraft:furnace":1,"minecraft:iron_ore":40,"minecraft:fire":32,"create:scorchia":5,"minecraft:andesite":58,"minecraft:deepslate_iron_ore":32,"minecraft:stone":77,"create:mechanical_press":3,"minecraft:kelp_plant":6,"minecraft:crimson_nylium":1,"minecraft:soul_fire":7,"minecraft:basalt":3,"minecraft:crafting_table":2,"create:fluid_pipe":1,"create:mechanical_pump":1,"create:water_wheel":2,"minecraft:copper_ore":13,"minecraft:cobblestone":2,"minecraft:diorite":15,"create:large_water_wheel":1,"minecraft:seagrass":3,"create:water_wheel_structure":1,"minecraft:nether_wart_block":1,"minecraft:birch_log":7,"minecraft:grass":1,"minecraft:oak_log":6,"minecraft:coal_ore":67,"minecraft:sand":6,"minecraft:crimson_planks":1,"minecraft:netherrack":139,"minecraft:oak_leaves":8,"minecraft:deepslate":58},"minecraft:custom":{"minecraft:mob_kills":22,"minecraft:interact_with_crafting_table":34,"minecraft:leave_game":4,"minecraft:time_since_death":30891,"minecraft:climb_one_cm":822,"minecraft:sprint_one_cm":270327,"minecraft:walk_one_cm":479678,"minecraft:drop":29,"minecraft:play_time":170460,"minecraft:sneak_time":6363,"minecraft:deaths":9,"minecraft:walk_under_water_one_cm":45499,"minecraft:jump":2111,"minecraft:walk_on_water_one_cm":40694,"minecraft:total_world_time":170460,"minecraft:interact_with_furnace":53,"minecraft:interact_with_cartography_table":1,"minecraft:sleep_in_bed":2,"minecraft:time_since_rest":30919,"minecraft:damage_taken":3008,"minecraft:damage_dealt":4208,"minecraft:swim_one_cm":50021,"minecraft:fly_one_cm":273632,"minecraft:open_chest":91,"minecraft:crouch_one_cm":22057,"minecraft:fall_one_cm":48767},"minecraft:crafted":{"minecraft:oak_planks":52,"minecraft:raw_iron":36,"create:wrench":1,"minecraft:iron_nugget":54,"minecraft:furnace":3,"minecraft:flint_and_steel":1,"minecraft:iron_axe":1,"minecraft:stone_pickaxe":6,"minecraft:chest":2,"minecraft:spruce_boat":1,"minecraft:dried_kelp_block":2,"minecraft:dark_oak_planks":40,"create:cogwheel":1,"minecraft:cooked_beef":3,"minecraft:crimson_planks":56,"create:andesite_alloy":21,"minecraft:crafting_table":5,"minecraft:spruce_planks":32,"minecraft:dried_kelp":3,"create:fluid_pipe":16,"create:large_water_wheel":4,"minecraft:copper_ingot":16,"minecraft:bucket":2,"minecraft:birch_planks":12,"minecraft:stone_axe":1,"minecraft:air":0,"create:water_wheel":4,"minecraft:stick":24,"minecraft:iron_ingot":126,"minecraft:iron_pickaxe":2,"minecraft:stone_sword":1,"minecraft:gold_ingot":8,"minecraft:white_bed":1,"create:shaft":16,"minecraft:shears":1},"minecraft:dropped":{"minecraft:water_bucket":1,"minecraft:iron_ingot":6,"minecraft:bread":3,"minecraft:moss_block":1,"minecraft:cooked_beef":1,"minecraft:oak_log":9,"minecraft:copper_ingot":30,"minecraft:coal":20,"create:andesite_casing":1,"minecraft:bone_meal":1,"minecraft:iron_pickaxe":1,"minecraft:gold_ingot":8,"minecraft:stone_axe":1,"minecraft:rotten_flesh":4,"create:andesite_alloy":2},"minecraft:picked_up":{"create:copper_sheet":8,"minecraft:crafting_table":2,"minecraft:chicken":2,"minecraft:wooden_pickaxe":1,"minecraft:crimson_planks":14,"minecraft:raw_copper":59,"minecraft:soul_soil":1,"create:fluid_pipe":1,"create:scorchia":5,"create:water_wheel":2,"create:mechanical_press":3,"minecraft:gold_nugget":22,"minecraft:cobbled_deepslate":59,"minecraft:beef":2,"minecraft:furnace":1,"minecraft:raw_iron":106,"create:golden_sheet":4,"minecraft:copper_ingot":22,"minecraft:torch":3,"create:andesite_casing":1,"minecraft:polished_blackstone_bricks":3,"minecraft:diorite":19,"minecraft:trident":1,"minecraft:dark_oak_planks":1,"minecraft:weeping_vines":1,"minecraft:arrow":4,"minecraft:rotten_flesh":7,"create:ochrum":1,"minecraft:gold_ingot":4,"minecraft:glow_berries":6,"minecraft:white_wool":5,"minecraft:cobblestone":130,"minecraft:birch_log":7,"minecraft:nautilus_shell":1,"create:iron_sheet":1,"minecraft:feather":2,"minecraft:basalt":2,"minecraft:crimson_stem":14,"minecraft:andesite":58,"minecraft:salmon":3,"minecraft:leather":4,"minecraft:red_mushroom":2,"create:andesite_alloy":2,"minecraft:flint":1,"minecraft:tuff":31,"create:raw_zinc":2,"minecraft:oak_log":22,"minecraft:nether_wart_block":1,"minecraft:lapis_lazuli":5,"minecraft:dirt":25,"minecraft:bone":3,"minecraft:kelp":70,"minecraft:bow":1,"minecraft:stone_pickaxe":2,"minecraft:iron_ingot":1,"create:shaft":5,"minecraft:moss_block":1,"minecraft:oak_planks":1,"create:large_water_wheel":2,"create:cogwheel":1,"minecraft:raw_iron_block":4,"minecraft:gravel":2,"minecraft:sand":4,"minecraft:dark_oak_log":58,"minecraft:spruce_boat":3,"minecraft:stone_axe":3,"create:mechanical_pump":1,"minecraft:granite":13,"minecraft:bone_meal":1,"minecraft:bread":2,"minecraft:oak_sapling":2,"minecraft:netherrack":144,"minecraft:coal":79},"minecraft:broken":{"minecraft:wooden_pickaxe":1,"minecraft:stone_pickaxe":2},"minecraft:used":{"minecraft:stone_sword":19,"minecraft:flint_and_steel":1,"create:scorchia":3,"minecraft:dried_kelp":23,"minecraft:chest":2,"minecraft:rotten_flesh":2,"minecraft:netherrack":90,"minecraft:torch":3,"create:mechanical_pump":1,"minecraft:dirt":14,"create:cogwheel":1,"minecraft:tuff":31,"minecraft:spruce_boat":3,"minecraft:dark_oak_planks":7,"minecraft:iron_axe":31,"minecraft:crimson_planks":37,"minecraft:bow":1,"create:shaft":6,"minecraft:sweet_berries":7,"minecraft:furnace":4,"create:fluid_pipe":1,"minecraft:cooked_beef":2,"minecraft:water_bucket":2,"minecraft:diorite":9,"minecraft:oak_planks":1,"minecraft:stone_pickaxe":414,"minecraft:wooden_pickaxe":31,"minecraft:polished_blackstone_bricks":2,"minecraft:glow_berries":11,"minecraft:sand":1,"minecraft:crafting_table":6,"minecraft:white_bed":1,"create:mechanical_press":3,"minecraft:bread":5,"minecraft:iron_pickaxe":161,"create:water_wheel":2,"minecraft:gravel":2,"create:large_water_wheel":6,"minecraft:stone_axe":69,"minecraft:cobblestone":2,"minecraft:andesite":1,"minecraft:bucket":5}},"DataVersion":3465}