{"stats":{"minecraft:mined":{"minecraft:coal_ore":14,"minecraft:oak_log":4,"minecraft:birch_log":7,"minecraft:fire":11,"minecraft:stone":33,"minecraft:crafting_table":1,"minecraft:oak_leaves":8},"minecraft:custom":{"minecraft:time_since_rest":13700,"minecraft:play_time":16283,"minecraft:sprint_one_cm":24775,"minecraft:deaths":2,"minecraft:damage_taken":645,"minecraft:walk_one_cm":16345,"minecraft:walk_under_water_one_cm":11853,"minecraft:jump":132,"minecraft:damage_dealt":39,"minecraft:leave_game":1,"minecraft:time_since_death":12451,"minecraft:walk_on_water_one_cm":4936,"minecraft:total_world_time":16283,"minecraft:swim_one_cm":6263,"minecraft:interact_with_crafting_table":1,"minecraft:fall_one_cm":4096,"minecraft:fly_one_cm":24719},"minecraft:crafted":{"minecraft:oak_planks":16,"minecraft:crafting_table":1,"minecraft:stick":4,"minecraft:stone_pickaxe":1},"minecraft:picked_up":{"minecraft:birch_log":7,"minecraft:crafting_table":1,"minecraft:wooden_pickaxe":1,"minecraft:oak_log":4,"minecraft:oak_sapling":1,"minecraft:coal":14,"minecraft:cobblestone":33},"minecraft:broken":{"minecraft:wooden_pickaxe":1},"minecraft:used":{"minecraft:crafting_table":1,"minecraft:stone_pickaxe":18,"minecraft:wooden_pickaxe":31}},"DataVersion":3465}