{"stats":{"minecraft:killed_by":{"minecraft:player":1,"minecraft:piglin_brute":2},"minecraft:killed":{"minecraft:skeleton":3,"minecraft:drowned":1,"minecraft:piglin":1,"minecraft:salmon":4,"minecraft:zombie":4},"minecraft:mined":{"minecraft:dark_oak_planks":1,"minecraft:nether_gold_ore":5,"create:deepslate_zinc_ore":2,"minecraft:tuff":32,"minecraft:dark_oak_log":26,"minecraft:granite":1,"minecraft:weeping_vines":2,"create:ochrum":1,"minecraft:red_mushroom":1,"minecraft:crimson_stem":14,"minecraft:polished_blackstone_bricks":3,"minecraft:tall_seagrass":1,"minecraft:raw_iron_block":1,"create:shaft":4,"minecraft:furnace":1,"minecraft:iron_ore":40,"minecraft:fire":32,"create:scorchia":1,"minecraft:andesite":44,"minecraft:deepslate_iron_ore":32,"minecraft:stone":72,"create:mechanical_press":2,"minecraft:kelp_plant":6,"minecraft:crimson_nylium":1,"minecraft:crafting_table":2,"create:water_wheel":2,"minecraft:copper_ore":13,"minecraft:cobblestone":2,"minecraft:diorite":14,"create:large_water_wheel":1,"minecraft:seagrass":3,"create:water_wheel_structure":1,"minecraft:nether_wart_block":1,"minecraft:birch_log":7,"minecraft:oak_log":6,"minecraft:coal_ore":67,"minecraft:sand":3,"minecraft:crimson_planks":1,"minecraft:netherrack":76,"minecraft:oak_leaves":8,"minecraft:deepslate":58},"minecraft:custom":{"minecraft:mob_kills":13,"minecraft:interact_with_crafting_table":23,"minecraft:leave_game":3,"minecraft:time_since_death":2777,"minecraft:climb_one_cm":822,"minecraft:sprint_one_cm":174878,"minecraft:walk_one_cm":356173,"minecraft:drop":22,"minecraft:play_time":123993,"minecraft:deaths":6,"minecraft:sneak_time":5154,"minecraft:walk_under_water_one_cm":43896,"minecraft:jump":1506,"minecraft:walk_on_water_one_cm":38024,"minecraft:total_world_time":123993,"minecraft:interact_with_furnace":41,"minecraft:interact_with_cartography_table":1,"minecraft:time_since_rest":2828,"minecraft:damage_taken":2125,"minecraft:damage_dealt":2892,"minecraft:swim_one_cm":49304,"minecraft:fly_one_cm":181461,"minecraft:open_chest":61,"minecraft:crouch_one_cm":16273,"minecraft:fall_one_cm":30859},"minecraft:crafted":{"minecraft:oak_planks":52,"minecraft:raw_iron":36,"create:wrench":1,"minecraft:iron_nugget":54,"minecraft:furnace":3,"minecraft:flint_and_steel":1,"minecraft:stone_pickaxe":3,"minecraft:chest":2,"minecraft:spruce_boat":1,"minecraft:dark_oak_planks":40,"create:cogwheel":1,"minecraft:cooked_beef":3,"minecraft:crimson_planks":56,"create:andesite_alloy":21,"minecraft:crafting_table":5,"minecraft:spruce_planks":32,"minecraft:dried_kelp":3,"create:large_water_wheel":4,"minecraft:bucket":2,"minecraft:birch_planks":4,"minecraft:stone_axe":1,"minecraft:air":0,"create:water_wheel":4,"minecraft:stick":16,"minecraft:iron_ingot":126,"minecraft:iron_pickaxe":2,"minecraft:gold_ingot":2,"minecraft:white_bed":1,"create:shaft":16,"minecraft:shears":1},"minecraft:picked_up":{"minecraft:crafting_table":2,"minecraft:wooden_pickaxe":1,"minecraft:crimson_planks":14,"minecraft:raw_copper":59,"create:scorchia":1,"create:water_wheel":2,"minecraft:gold_nugget":22,"create:mechanical_press":2,"minecraft:cobbled_deepslate":59,"minecraft:furnace":1,"minecraft:raw_iron":106,"create:golden_sheet":4,"minecraft:torch":3,"create:andesite_casing":1,"minecraft:polished_blackstone_bricks":3,"minecraft:diorite":18,"minecraft:dark_oak_planks":1,"minecraft:weeping_vines":1,"minecraft:arrow":4,"minecraft:rotten_flesh":7,"create:ochrum":1,"minecraft:gold_ingot":4,"minecraft:glow_berries":6,"minecraft:white_wool":5,"minecraft:cobblestone":126,"minecraft:birch_log":7,"minecraft:nautilus_shell":1,"minecraft:crimson_stem":14,"minecraft:salmon":3,"minecraft:andesite":44,"minecraft:leather":2,"minecraft:red_mushroom":2,"minecraft:flint":1,"minecraft:tuff":31,"create:raw_zinc":2,"minecraft:oak_log":22,"create:andesite_alloy":2,"minecraft:nether_wart_block":1,"minecraft:lapis_lazuli":5,"minecraft:dirt":25,"minecraft:bone":3,"minecraft:kelp":70,"minecraft:bow":1,"minecraft:stone_pickaxe":1,"minecraft:iron_ingot":1,"create:shaft":5,"minecraft:moss_block":1,"minecraft:oak_planks":1,"create:large_water_wheel":2,"create:cogwheel":1,"minecraft:raw_iron_block":4,"minecraft:gravel":2,"minecraft:sand":3,"minecraft:dark_oak_log":27,"minecraft:stone_axe":3,"minecraft:spruce_boat":1,"minecraft:granite":13,"minecraft:bone_meal":1,"minecraft:bread":2,"minecraft:oak_sapling":2,"minecraft:netherrack":80,"minecraft:coal":79},"minecraft:dropped":{"minecraft:water_bucket":1,"minecraft:iron_ingot":5,"minecraft:bread":3,"minecraft:moss_block":1,"minecraft:cooked_beef":1,"minecraft:oak_log":9,"minecraft:coal":20,"create:andesite_casing":1,"minecraft:bone_meal":1,"minecraft:iron_pickaxe":1,"minecraft:gold_ingot":8,"minecraft:stone_axe":1,"minecraft:rotten_flesh":4,"create:andesite_alloy":2},"minecraft:broken":{"minecraft:wooden_pickaxe":1,"minecraft:stone_pickaxe":2},"minecraft:used":{"minecraft:flint_and_steel":1,"create:scorchia":1,"minecraft:chest":2,"minecraft:rotten_flesh":2,"minecraft:netherrack":70,"minecraft:torch":3,"minecraft:dirt":14,"create:cogwheel":1,"minecraft:tuff":31,"minecraft:spruce_boat":1,"minecraft:dark_oak_planks":7,"minecraft:crimson_planks":37,"minecraft:bow":1,"minecraft:sweet_berries":7,"create:shaft":6,"minecraft:furnace":4,"minecraft:cooked_beef":2,"minecraft:water_bucket":2,"minecraft:diorite":9,"minecraft:stone_pickaxe":318,"minecraft:oak_planks":1,"minecraft:wooden_pickaxe":31,"minecraft:polished_blackstone_bricks":2,"minecraft:glow_berries":11,"minecraft:crafting_table":6,"minecraft:white_bed":1,"create:mechanical_press":2,"minecraft:bread":5,"minecraft:iron_pickaxe":158,"create:water_wheel":2,"minecraft:gravel":2,"create:large_water_wheel":6,"minecraft:stone_axe":64,"minecraft:cobblestone":2,"minecraft:bucket":5,"minecraft:andesite":1}},"DataVersion":3465}