{"stats":{"minecraft:killed":{"minecraft:salmon":4,"minecraft:skeleton":2,"minecraft:zombie":2},"minecraft:mined":{"minecraft:crafting_table":1,"minecraft:granite":1,"create:ochrum":1,"minecraft:copper_ore":6,"minecraft:cobblestone":2,"minecraft:diorite":14,"minecraft:birch_log":7,"minecraft:iron_ore":28,"minecraft:fire":11,"minecraft:andesite":43,"minecraft:coal_ore":58,"minecraft:oak_log":4,"minecraft:deepslate_iron_ore":1,"minecraft:stone":65,"minecraft:oak_leaves":8,"minecraft:deepslate":2},"minecraft:custom":{"minecraft:interact_with_furnace":13,"minecraft:mob_kills":8,"minecraft:interact_with_crafting_table":6,"minecraft:leave_game":1,"minecraft:time_since_death":36451,"minecraft:time_since_rest":37700,"minecraft:sprint_one_cm":31993,"minecraft:damage_taken":810,"minecraft:walk_one_cm":92197,"minecraft:drop":6,"minecraft:damage_dealt":990,"minecraft:swim_one_cm":9169,"minecraft:fly_one_cm":31429,"minecraft:crouch_one_cm":1831,"minecraft:play_time":40283,"minecraft:deaths":2,"minecraft:sneak_time":1064,"minecraft:walk_under_water_one_cm":18940,"minecraft:jump":387,"minecraft:walk_on_water_one_cm":16937,"minecraft:total_world_time":40283,"minecraft:fall_one_cm":6556},"minecraft:crafted":{"minecraft:cooked_beef":3,"minecraft:oak_planks":16,"minecraft:crafting_table":3,"minecraft:furnace":2,"minecraft:air":0,"minecraft:stick":8,"minecraft:iron_ingot":23,"minecraft:iron_pickaxe":2,"minecraft:stone_pickaxe":2},"minecraft:dropped":{"minecraft:stone_axe":1,"minecraft:moss_block":1,"minecraft:cooked_beef":1,"minecraft:rotten_flesh":4,"minecraft:coal":20,"minecraft:iron_pickaxe":1},"minecraft:picked_up":{"minecraft:birch_log":7,"minecraft:crafting_table":1,"minecraft:salmon":3,"minecraft:andesite":43,"minecraft:leather":2,"minecraft:wooden_pickaxe":1,"minecraft:oak_log":20,"minecraft:lapis_lazuli":5,"minecraft:dirt":11,"minecraft:raw_copper":34,"minecraft:bone":2,"minecraft:bow":1,"minecraft:cobbled_deepslate":2,"minecraft:iron_ingot":1,"minecraft:moss_block":1,"minecraft:oak_planks":1,"minecraft:raw_iron":48,"minecraft:torch":3,"minecraft:gravel":2,"minecraft:diorite":18,"minecraft:arrow":3,"minecraft:rotten_flesh":4,"minecraft:stone_axe":1,"create:ochrum":1,"minecraft:granite":13,"minecraft:bone_meal":1,"minecraft:oak_sapling":2,"minecraft:glow_berries":1,"minecraft:coal":70,"minecraft:white_wool":2,"minecraft:cobblestone":119},"minecraft:used":{"minecraft:diorite":7,"minecraft:stone_pickaxe":171,"minecraft:wooden_pickaxe":31,"minecraft:torch":3,"minecraft:glow_berries":1,"minecraft:crafting_table":4,"minecraft:iron_pickaxe":49,"minecraft:gravel":2,"minecraft:cobblestone":2,"minecraft:furnace":2,"minecraft:cooked_beef":2},"minecraft:broken":{"minecraft:stone_pickaxe":1,"minecraft:wooden_pickaxe":1}},"DataVersion":3465}