{"stats":{"minecraft:killed":{"minecraft:salmon":4,"minecraft:skeleton":3,"minecraft:zombie":4,"minecraft:drowned":1},"minecraft:mined":{"minecraft:nether_gold_ore":5,"create:deepslate_zinc_ore":2,"minecraft:tuff":32,"minecraft:dark_oak_log":8,"minecraft:crafting_table":2,"minecraft:granite":1,"create:ochrum":1,"create:water_wheel":2,"minecraft:copper_ore":13,"minecraft:cobblestone":2,"minecraft:diorite":14,"create:large_water_wheel":1,"create:water_wheel_structure":1,"minecraft:raw_iron_block":1,"create:shaft":4,"minecraft:furnace":1,"minecraft:birch_log":7,"minecraft:iron_ore":40,"minecraft:fire":16,"minecraft:andesite":44,"minecraft:coal_ore":67,"minecraft:oak_log":6,"minecraft:deepslate_iron_ore":32,"minecraft:sand":3,"minecraft:stone":72,"minecraft:netherrack":10,"minecraft:oak_leaves":8,"create:mechanical_press":2,"minecraft:deepslate":58,"minecraft:dark_oak_planks":1},"minecraft:custom":{"minecraft:interact_with_furnace":34,"minecraft:mob_kills":12,"minecraft:interact_with_crafting_table":21,"minecraft:interact_with_cartography_table":1,"minecraft:leave_game":3,"minecraft:time_since_death":8643,"minecraft:climb_one_cm":822,"minecraft:time_since_rest":8665,"minecraft:sprint_one_cm":117455,"minecraft:damage_taken":1310,"minecraft:walk_one_cm":259867,"minecraft:drop":22,"minecraft:damage_dealt":1757,"minecraft:swim_one_cm":35165,"minecraft:fly_one_cm":109157,"minecraft:open_chest":49,"minecraft:play_time":99993,"minecraft:crouch_one_cm":5069,"minecraft:sneak_time":2179,"minecraft:deaths":3,"minecraft:walk_under_water_one_cm":40733,"minecraft:jump":1053,"minecraft:walk_on_water_one_cm":35253,"minecraft:fall_one_cm":21633,"minecraft:total_world_time":99993},"minecraft:crafted":{"minecraft:cooked_beef":3,"minecraft:oak_planks":52,"create:andesite_alloy":21,"minecraft:raw_iron":36,"create:wrench":1,"minecraft:crafting_table":4,"minecraft:iron_nugget":54,"minecraft:spruce_planks":32,"create:large_water_wheel":4,"minecraft:furnace":3,"minecraft:bucket":2,"minecraft:birch_planks":4,"minecraft:stone_axe":1,"minecraft:air":0,"minecraft:flint_and_steel":1,"create:water_wheel":4,"minecraft:stick":16,"minecraft:iron_ingot":126,"minecraft:iron_pickaxe":2,"minecraft:stone_pickaxe":3,"minecraft:chest":2,"minecraft:gold_ingot":2,"minecraft:spruce_boat":1,"create:shaft":16,"minecraft:dark_oak_planks":36,"create:cogwheel":1},"minecraft:dropped":{"minecraft:water_bucket":1,"minecraft:iron_ingot":5,"minecraft:bread":3,"minecraft:stone_axe":1,"minecraft:moss_block":1,"minecraft:cooked_beef":1,"minecraft:oak_log":9,"minecraft:rotten_flesh":4,"minecraft:coal":20,"create:andesite_casing":1,"minecraft:bone_meal":1,"minecraft:iron_pickaxe":1,"create:andesite_alloy":2,"minecraft:gold_ingot":8},"minecraft:picked_up":{"minecraft:nautilus_shell":1,"minecraft:crafting_table":2,"minecraft:andesite":44,"minecraft:salmon":3,"minecraft:leather":2,"minecraft:wooden_pickaxe":1,"minecraft:flint":1,"minecraft:tuff":31,"create:raw_zinc":2,"minecraft:oak_log":22,"create:andesite_alloy":2,"minecraft:lapis_lazuli":5,"minecraft:dirt":25,"minecraft:raw_copper":59,"minecraft:bone":3,"create:water_wheel":2,"minecraft:bow":1,"create:mechanical_press":2,"minecraft:gold_nugget":22,"minecraft:cobbled_deepslate":59,"minecraft:iron_ingot":1,"create:shaft":5,"minecraft:moss_block":1,"minecraft:oak_planks":1,"minecraft:furnace":1,"minecraft:raw_iron":106,"create:large_water_wheel":2,"create:golden_sheet":4,"create:cogwheel":1,"minecraft:torch":3,"create:andesite_casing":1,"minecraft:raw_iron_block":4,"minecraft:gravel":2,"minecraft:sand":3,"minecraft:diorite":18,"minecraft:dark_oak_log":9,"minecraft:dark_oak_planks":1,"minecraft:arrow":4,"minecraft:rotten_flesh":7,"minecraft:spruce_boat":1,"minecraft:stone_axe":1,"create:ochrum":1,"minecraft:granite":13,"minecraft:bone_meal":1,"minecraft:gold_ingot":4,"minecraft:bread":2,"minecraft:oak_sapling":2,"minecraft:netherrack":10,"minecraft:glow_berries":6,"minecraft:coal":79,"minecraft:white_wool":2,"minecraft:cobblestone":126,"minecraft:birch_log":7},"minecraft:used":{"minecraft:water_bucket":2,"minecraft:diorite":9,"minecraft:flint_and_steel":1,"minecraft:stone_pickaxe":245,"minecraft:chest":2,"minecraft:oak_planks":1,"minecraft:wooden_pickaxe":31,"minecraft:rotten_flesh":2,"minecraft:netherrack":4,"minecraft:torch":3,"minecraft:glow_berries":11,"minecraft:dirt":14,"minecraft:crafting_table":6,"create:cogwheel":1,"minecraft:tuff":31,"minecraft:spruce_boat":1,"minecraft:dark_oak_planks":7,"create:mechanical_press":2,"minecraft:iron_pickaxe":158,"minecraft:bread":5,"create:water_wheel":2,"minecraft:gravel":2,"create:large_water_wheel":6,"create:shaft":6,"minecraft:stone_axe":22,"minecraft:cobblestone":2,"minecraft:bow":1,"minecraft:sweet_berries":7,"minecraft:furnace":4,"minecraft:andesite":1,"minecraft:bucket":4,"minecraft:cooked_beef":2},"minecraft:broken":{"minecraft:stone_pickaxe":2,"minecraft:wooden_pickaxe":1}},"DataVersion":3465}