{"stats":{"minecraft:killed":{"minecraft:sheep":2,"minecraft:zombie":2,"minecraft:creeper":1,"minecraft:cow":3},"minecraft:mined":{"minecraft:iron_ore":10,"minecraft:andesite":6,"minecraft:crafting_table":3,"minecraft:granite":4,"minecraft:grass":1,"minecraft:grass_block":6,"minecraft:coal_ore":11,"minecraft:oak_log":25,"minecraft:gravel":1,"minecraft:dirt":5,"minecraft:copper_ore":2,"minecraft:cobblestone":1,"minecraft:moss_block":1,"minecraft:lapis_ore":1,"minecraft:stone":61,"minecraft:wall_torch":1,"minecraft:diorite":4,"minecraft:oak_leaves":7},"minecraft:custom":{"minecraft:time_since_rest":26834,"minecraft:interact_with_furnace":4,"minecraft:sprint_one_cm":41921,"minecraft:damage_taken":390,"minecraft:walk_one_cm":63002,"minecraft:mob_kills":8,"minecraft:drop":1,"minecraft:damage_dealt":759,"minecraft:swim_one_cm":35543,"minecraft:interact_with_crafting_table":6,"minecraft:fly_one_cm":57810,"minecraft:crouch_one_cm":863,"minecraft:play_time":26834,"minecraft:sneak_time":870,"minecraft:walk_under_water_one_cm":13243,"minecraft:jump":425,"minecraft:leave_game":5,"minecraft:walk_on_water_one_cm":8892,"minecraft:time_since_death":26834,"minecraft:climb_one_cm":226,"minecraft:total_world_time":26834,"minecraft:fall_one_cm":14046},"minecraft:crafted":{"minecraft:cooked_beef":1,"minecraft:oak_door":3,"minecraft:oak_boat":1,"minecraft:oak_planks":32,"minecraft:stone_shovel":1,"minecraft:crafting_table":1,"minecraft:stick":28,"minecraft:wooden_pickaxe":1,"minecraft:stone_pickaxe":1,"minecraft:furnace":1,"minecraft:cooked_salmon":4,"minecraft:torch":40,"minecraft:stone_axe":1,"minecraft:air":0},"minecraft:dropped":{"minecraft:wooden_pickaxe":1},"minecraft:picked_up":{"minecraft:crafting_table":3,"minecraft:raw_iron":10,"minecraft:andesite":6,"minecraft:salmon":1,"minecraft:leather":2,"minecraft:torch":2,"minecraft:gravel":1,"minecraft:oak_log":24,"minecraft:diorite":8,"minecraft:lapis_lazuli":5,"minecraft:dirt":11,"minecraft:raw_copper":7,"minecraft:rotten_flesh":2,"minecraft:apple":1,"minecraft:moss_block":1,"minecraft:beef":6,"minecraft:granite":2,"minecraft:oak_boat":2,"minecraft:oak_sapling":1,"minecraft:mutton":3,"minecraft:coal":11,"minecraft:white_wool":2,"minecraft:cobblestone":53},"minecraft:used":{"minecraft:stone_shovel":6,"minecraft:stone_pickaxe":74,"minecraft:wooden_pickaxe":26,"minecraft:cooked_salmon":2,"minecraft:torch":37,"minecraft:stone_axe":39,"minecraft:cobblestone":3,"minecraft:mutton":3,"minecraft:beef":2,"minecraft:crafting_table":4,"minecraft:furnace":1,"minecraft:oak_boat":2,"minecraft:cooked_beef":1}},"DataVersion":3465}