{"stats":{"minecraft:killed_by":{"minecraft:skeleton":1},"minecraft:killed":{"minecraft:piglin":1,"minecraft:creeper":2,"minecraft:sheep":3,"minecraft:skeleton":3,"minecraft:zombie":7,"minecraft:cow":3},"minecraft:mined":{"minecraft:deepslate_redstone_ore":4,"minecraft:tuff":32,"minecraft:deepslate_diamond_ore":14,"create:andesite_casing":1,"minecraft:dark_oak_log":32,"minecraft:obsidian":2,"minecraft:crafting_table":5,"minecraft:granite":21,"minecraft:grass_block":6,"minecraft:chest":5,"minecraft:copper_ore":2,"minecraft:cobblestone":4,"minecraft:lapis_ore":1,"minecraft:oak_planks":5,"minecraft:moss_block":1,"minecraft:diorite":4,"minecraft:wall_torch":1,"minecraft:raw_iron_block":3,"minecraft:furnace":1,"minecraft:birch_log":3,"minecraft:wheat":6,"minecraft:iron_ore":22,"minecraft:fire":2,"minecraft:andesite":44,"minecraft:grass":1,"minecraft:oak_log":25,"minecraft:coal_ore":11,"minecraft:sand":2,"minecraft:deepslate_iron_ore":24,"minecraft:gravel":18,"minecraft:dirt":6,"minecraft:stone":92,"minecraft:deepslate":221,"minecraft:oak_leaves":7},"minecraft:custom":{"minecraft:interact_with_furnace":21,"minecraft:mob_kills":19,"minecraft:interact_with_crafting_table":30,"minecraft:sleep_in_bed":2,"minecraft:leave_game":5,"minecraft:time_since_death":58196,"minecraft:climb_one_cm":226,"minecraft:time_since_rest":3864,"minecraft:sprint_one_cm":137197,"minecraft:damage_taken":1090,"minecraft:walk_one_cm":232531,"minecraft:drop":11,"minecraft:damage_dealt":3115,"minecraft:swim_one_cm":70701,"minecraft:fly_one_cm":116053,"minecraft:open_chest":33,"minecraft:crouch_one_cm":9071,"minecraft:play_time":86834,"minecraft:deaths":1,"minecraft:sneak_time":7717,"minecraft:walk_under_water_one_cm":25727,"minecraft:jump":1344,"minecraft:walk_on_water_one_cm":27400,"minecraft:total_world_time":86834,"minecraft:fall_one_cm":29133},"minecraft:crafted":{"minecraft:cooked_beef":1,"minecraft:oak_door":3,"minecraft:oak_planks":68,"create:andesite_alloy":5,"minecraft:stone_shovel":1,"minecraft:iron_nugget":18,"minecraft:crafting_table":4,"minecraft:birch_boat":2,"minecraft:wooden_pickaxe":1,"minecraft:furnace":2,"minecraft:cooked_salmon":4,"minecraft:bucket":1,"minecraft:birch_planks":12,"minecraft:cooked_mutton":2,"minecraft:stone_axe":1,"minecraft:bread":2,"minecraft:air":0,"minecraft:oak_boat":2,"create:whisk":1,"minecraft:diamond_pickaxe":1,"create:mechanical_press":1,"minecraft:stick":44,"minecraft:iron_ingot":17,"minecraft:stone_pickaxe":1,"minecraft:iron_block":1,"minecraft:stone_sword":1,"minecraft:chest":2,"minecraft:white_bed":1,"create:shaft":8,"minecraft:dark_oak_planks":8,"minecraft:torch":92},"minecraft:dropped":{"minecraft:iron_ingot":18,"minecraft:coal":6,"minecraft:flint":1,"minecraft:raw_iron_block":3,"minecraft:wooden_pickaxe":1},"minecraft:picked_up":{"create:iron_sheet":5,"minecraft:birch_log":3,"minecraft:wheat":6,"minecraft:crafting_table":5,"minecraft:cooked_beef":1,"minecraft:water_bucket":1,"minecraft:salmon":1,"minecraft:andesite":37,"minecraft:leather":2,"minecraft:flint":1,"minecraft:tuff":33,"minecraft:oak_log":33,"minecraft:gunpowder":2,"minecraft:lapis_lazuli":5,"minecraft:string":1,"minecraft:dirt":23,"minecraft:raw_copper":7,"minecraft:bone":3,"minecraft:apple":1,"minecraft:wheat_seeds":14,"minecraft:cobbled_deepslate":215,"minecraft:iron_ingot":16,"minecraft:beef":6,"minecraft:oak_boat":3,"minecraft:iron_pickaxe":1,"minecraft:moss_block":2,"minecraft:chest":5,"minecraft:oak_planks":4,"minecraft:furnace":1,"minecraft:dark_oak_sapling":3,"minecraft:stick":4,"minecraft:raw_iron":45,"minecraft:sandstone":2,"minecraft:birch_boat":1,"create:andesite_casing":1,"minecraft:torch":3,"minecraft:raw_iron_block":3,"minecraft:gravel":18,"minecraft:sand":29,"minecraft:diorite":8,"minecraft:redstone":18,"minecraft:dark_oak_log":33,"minecraft:arrow":1,"minecraft:rotten_flesh":13,"minecraft:diamond":14,"minecraft:stone_axe":1,"minecraft:granite":27,"minecraft:bread":1,"minecraft:oak_sapling":1,"minecraft:obsidian":2,"minecraft:mutton":5,"minecraft:coal":31,"minecraft:white_wool":3,"minecraft:cobblestone":87},"minecraft:broken":{"minecraft:iron_pickaxe":1},"minecraft:used":{"minecraft:wheat_seeds":6,"minecraft:water_bucket":4,"minecraft:stone_sword":28,"minecraft:stone_shovel":6,"minecraft:stone_pickaxe":74,"minecraft:birch_boat":2,"minecraft:chest":7,"minecraft:wooden_pickaxe":26,"minecraft:cooked_salmon":2,"minecraft:rotten_flesh":13,"minecraft:torch":78,"minecraft:sand":4,"minecraft:mutton":3,"minecraft:crafting_table":9,"minecraft:white_bed":1,"minecraft:tuff":33,"minecraft:obsidian":2,"minecraft:dark_oak_planks":4,"minecraft:apple":1,"minecraft:diamond_pickaxe":153,"minecraft:lava_bucket":10,"create:mechanical_press":1,"minecraft:dark_oak_log":1,"minecraft:bread":5,"minecraft:iron_pickaxe":251,"minecraft:gravel":11,"minecraft:stone_axe":103,"minecraft:cobblestone":29,"minecraft:beef":2,"minecraft:furnace":2,"minecraft:bucket":14,"minecraft:oak_boat":4,"minecraft:cooked_beef":1}},"DataVersion":3465}