{"stats":{"minecraft:killed_by":{"minecraft:skeleton":1},"minecraft:killed":{"minecraft:skeleton":3,"minecraft:piglin":1,"minecraft:pig":1,"minecraft:creeper":2,"minecraft:sheep":3,"minecraft:zombie":7,"minecraft:cow":3},"minecraft:mined":{"minecraft:dark_oak_planks":2,"minecraft:tuff":32,"minecraft:deepslate_diamond_ore":14,"create:andesite_casing":3,"minecraft:dark_oak_log":33,"minecraft:obsidian":2,"minecraft:granite":21,"minecraft:grass_block":23,"create:large_cogwheel":5,"minecraft:moss_block":1,"minecraft:raw_iron_block":3,"create:shaft":2,"minecraft:furnace":2,"minecraft:iron_ore":23,"minecraft:fire":3,"minecraft:andesite":45,"minecraft:deepslate_iron_ore":24,"minecraft:stone":92,"create:mechanical_press":2,"minecraft:deepslate_redstone_ore":4,"create:cogwheel":7,"minecraft:kelp_plant":1,"minecraft:stripped_dark_oak_log":2,"minecraft:crafting_table":5,"minecraft:chest":7,"minecraft:cobblestone":4,"minecraft:copper_ore":2,"minecraft:lapis_ore":1,"minecraft:oak_planks":5,"minecraft:diorite":4,"minecraft:wall_torch":1,"create:basin":1,"minecraft:birch_log":3,"minecraft:wheat":15,"create:mechanical_mixer":5,"minecraft:grass":2,"minecraft:coal_ore":11,"minecraft:oak_log":25,"minecraft:dirt":6,"minecraft:gravel":18,"minecraft:sand":65,"create:andesite_funnel":2,"minecraft:oak_leaves":7,"minecraft:deepslate":221},"minecraft:custom":{"minecraft:mob_kills":20,"minecraft:interact_with_crafting_table":61,"minecraft:leave_game":5,"minecraft:time_since_death":94196,"minecraft:climb_one_cm":226,"minecraft:sprint_one_cm":192364,"minecraft:walk_one_cm":312919,"minecraft:drop":55,"minecraft:play_time":122834,"minecraft:deaths":1,"minecraft:sneak_time":8437,"minecraft:walk_under_water_one_cm":31059,"minecraft:jump":1688,"minecraft:walk_on_water_one_cm":32876,"minecraft:total_world_time":122834,"minecraft:interact_with_furnace":42,"minecraft:sleep_in_bed":4,"minecraft:time_since_rest":11279,"minecraft:damage_taken":1210,"minecraft:damage_dealt":3195,"minecraft:swim_one_cm":77380,"minecraft:fly_one_cm":169301,"minecraft:open_chest":85,"minecraft:crouch_one_cm":10645,"minecraft:fall_one_cm":37968},"minecraft:crafted":{"minecraft:oak_door":3,"minecraft:oak_planks":68,"minecraft:stone_shovel":1,"minecraft:barrel":4,"minecraft:iron_nugget":45,"minecraft:birch_boat":2,"minecraft:furnace":2,"minecraft:stone":30,"minecraft:cooked_mutton":2,"create:vertical_gearbox":1,"minecraft:glass":2,"create:andesite_funnel":2,"create:mechanical_press":1,"create:fluid_tank":4,"minecraft:stone_pickaxe":1,"minecraft:chest":4,"minecraft:copper_block":1,"create:basin":1,"minecraft:dark_oak_planks":128,"create:cogwheel":13,"minecraft:cooked_beef":1,"create:andesite_alloy":15,"minecraft:crafting_table":4,"create:fluid_pipe":4,"minecraft:dried_kelp":1,"minecraft:wooden_pickaxe":1,"create:goggles":1,"create:large_water_wheel":2,"minecraft:cooked_salmon":4,"minecraft:copper_ingot":24,"minecraft:bucket":1,"minecraft:birch_planks":12,"minecraft:campfire":4,"minecraft:stone_axe":2,"create:mechanical_mixer":1,"minecraft:bread":2,"minecraft:air":0,"create:gearbox":1,"minecraft:oak_boat":2,"minecraft:dark_oak_slab":24,"create:water_wheel":2,"create:whisk":1,"minecraft:diamond_pickaxe":1,"minecraft:stick":60,"minecraft:iron_ingot":17,"minecraft:stone_sword":1,"minecraft:iron_block":1,"minecraft:iron_shovel":1,"create:large_cogwheel":5,"minecraft:white_bed":1,"minecraft:andesite":18,"create:shaft":16,"minecraft:torch":92},"minecraft:dropped":{"minecraft:iron_ingot":18,"create:cogwheel":1,"minecraft:copper_ingot":39,"minecraft:coal":6,"minecraft:flint":1,"minecraft:raw_iron_block":3,"minecraft:gold_ingot":4,"minecraft:iron_nugget":15,"minecraft:andesite":13,"create:wrench":1,"minecraft:wooden_pickaxe":1,"create:andesite_alloy":1},"minecraft:picked_up":{"create:copper_sheet":10,"minecraft:crafting_table":5,"minecraft:wheat":12,"minecraft:string":1,"minecraft:raw_copper":7,"create:andesite_funnel":2,"create:mechanical_press":2,"minecraft:cobbled_deepslate":215,"minecraft:beef":6,"minecraft:oak_boat":3,"create:basin":1,"minecraft:iron_nugget":6,"minecraft:iron_pickaxe":1,"minecraft:chest":7,"minecraft:furnace":2,"minecraft:dark_oak_sapling":3,"minecraft:stick":4,"minecraft:raw_iron":46,"minecraft:sandstone":2,"create:mechanical_mixer":5,"minecraft:copper_ingot":29,"minecraft:torch":3,"create:andesite_casing":3,"minecraft:diorite":8,"minecraft:redstone":18,"minecraft:dark_oak_planks":2,"create:large_cogwheel":5,"minecraft:arrow":1,"minecraft:rotten_flesh":13,"minecraft:gold_ingot":4,"minecraft:mutton":5,"minecraft:obsidian":2,"minecraft:white_wool":3,"minecraft:cobblestone":102,"minecraft:birch_log":3,"create:iron_sheet":6,"minecraft:cooked_beef":1,"minecraft:andesite":42,"minecraft:water_bucket":1,"minecraft:salmon":1,"minecraft:leather":2,"minecraft:flint":1,"minecraft:tuff":33,"minecraft:oak_log":33,"create:andesite_alloy":1,"minecraft:gunpowder":2,"minecraft:lapis_lazuli":5,"minecraft:dirt":40,"minecraft:bone":3,"minecraft:apple":1,"minecraft:kelp":4,"minecraft:wheat_seeds":37,"minecraft:iron_ingot":17,"create:shaft":1,"minecraft:moss_block":2,"minecraft:oak_planks":4,"minecraft:cooked_porkchop":1,"minecraft:birch_boat":2,"create:cogwheel":7,"minecraft:gravel":18,"minecraft:raw_iron_block":3,"minecraft:sand":92,"minecraft:dark_oak_log":34,"minecraft:diamond":22,"minecraft:stone_axe":1,"minecraft:granite":27,"minecraft:bread":1,"minecraft:oak_sapling":1,"minecraft:stripped_dark_oak_log":2,"minecraft:coal":31},"minecraft:broken":{"minecraft:stone_axe":1,"minecraft:iron_pickaxe":1},"minecraft:used":{"minecraft:stone_sword":28,"minecraft:iron_shovel":78,"minecraft:flint_and_steel":1,"minecraft:stone_shovel":6,"minecraft:chest":10,"minecraft:cooked_salmon":2,"minecraft:rotten_flesh":14,"minecraft:torch":78,"minecraft:mutton":3,"create:mechanical_mixer":6,"create:cogwheel":13,"minecraft:tuff":33,"minecraft:obsidian":2,"minecraft:dark_oak_planks":17,"minecraft:lava_bucket":10,"create:wrench":1,"create:andesite_funnel":2,"minecraft:beef":2,"create:shaft":1,"minecraft:furnace":4,"minecraft:cooked_beef":1,"minecraft:cobbled_deepslate":6,"minecraft:cooked_mutton":2,"minecraft:wheat_seeds":6,"minecraft:water_bucket":6,"minecraft:stone_pickaxe":74,"minecraft:wooden_pickaxe":26,"minecraft:birch_boat":3,"minecraft:sand":8,"minecraft:crafting_table":9,"minecraft:white_bed":1,"minecraft:diamond_pickaxe":179,"minecraft:apple":1,"create:mechanical_press":3,"minecraft:dark_oak_log":6,"minecraft:bread":5,"minecraft:iron_pickaxe":262,"minecraft:gravel":11,"create:large_water_wheel":2,"minecraft:stone_axe":113,"create:basin":2,"minecraft:cobblestone":29,"minecraft:cooked_porkchop":1,"minecraft:andesite":1,"minecraft:bucket":17,"minecraft:oak_boat":4,"create:large_cogwheel":9}},"DataVersion":3465}