{"stats":{"minecraft:killed_by":{"minecraft:skeleton":1},"minecraft:killed":{"minecraft:skeleton":3,"minecraft:piglin":1,"minecraft:creeper":2,"minecraft:sheep":3,"minecraft:zombie":7,"minecraft:cow":3},"minecraft:mined":{"minecraft:dark_oak_planks":2,"minecraft:tuff":32,"minecraft:deepslate_diamond_ore":14,"create:andesite_casing":2,"minecraft:dark_oak_log":32,"minecraft:obsidian":2,"minecraft:granite":21,"minecraft:grass_block":23,"create:large_cogwheel":5,"minecraft:moss_block":1,"minecraft:raw_iron_block":3,"create:shaft":2,"minecraft:furnace":2,"minecraft:iron_ore":22,"minecraft:fire":2,"minecraft:andesite":45,"minecraft:deepslate_iron_ore":24,"minecraft:stone":92,"create:mechanical_press":2,"minecraft:deepslate_redstone_ore":4,"create:cogwheel":7,"minecraft:kelp_plant":1,"minecraft:crafting_table":5,"minecraft:chest":7,"minecraft:cobblestone":4,"minecraft:copper_ore":2,"minecraft:lapis_ore":1,"minecraft:oak_planks":5,"minecraft:diorite":4,"minecraft:wall_torch":1,"create:basin":1,"minecraft:birch_log":3,"minecraft:wheat":6,"create:mechanical_mixer":5,"minecraft:grass":2,"minecraft:coal_ore":11,"minecraft:oak_log":25,"minecraft:dirt":6,"minecraft:gravel":18,"minecraft:sand":65,"create:andesite_funnel":1,"minecraft:oak_leaves":7,"minecraft:deepslate":221},"minecraft:custom":{"minecraft:mob_kills":19,"minecraft:interact_with_crafting_table":45,"minecraft:leave_game":5,"minecraft:time_since_death":82196,"minecraft:climb_one_cm":226,"minecraft:sprint_one_cm":165827,"minecraft:walk_one_cm":288628,"minecraft:drop":43,"minecraft:play_time":110834,"minecraft:deaths":1,"minecraft:sneak_time":8388,"minecraft:walk_under_water_one_cm":29999,"minecraft:jump":1552,"minecraft:walk_on_water_one_cm":30968,"minecraft:total_world_time":110834,"minecraft:interact_with_furnace":35,"minecraft:sleep_in_bed":3,"minecraft:time_since_rest":12177,"minecraft:damage_taken":1140,"minecraft:damage_dealt":3115,"minecraft:swim_one_cm":70701,"minecraft:fly_one_cm":146351,"minecraft:open_chest":58,"minecraft:crouch_one_cm":10626,"minecraft:fall_one_cm":35767},"minecraft:crafted":{"minecraft:oak_door":3,"minecraft:oak_planks":68,"minecraft:stone_shovel":1,"minecraft:iron_nugget":45,"minecraft:birch_boat":2,"minecraft:furnace":2,"minecraft:stone":30,"minecraft:cooked_mutton":2,"minecraft:glass":2,"create:andesite_funnel":2,"create:mechanical_press":1,"minecraft:stone_pickaxe":1,"minecraft:chest":3,"create:basin":1,"minecraft:dark_oak_planks":120,"create:cogwheel":5,"minecraft:cooked_beef":1,"create:andesite_alloy":15,"minecraft:crafting_table":4,"minecraft:dried_kelp":1,"minecraft:wooden_pickaxe":1,"create:goggles":1,"create:large_water_wheel":2,"minecraft:cooked_salmon":4,"minecraft:bucket":1,"minecraft:birch_planks":12,"minecraft:stone_axe":1,"create:mechanical_mixer":1,"minecraft:bread":2,"minecraft:air":0,"minecraft:oak_boat":2,"create:water_wheel":2,"create:whisk":1,"minecraft:diamond_pickaxe":1,"minecraft:stick":44,"minecraft:iron_ingot":17,"minecraft:stone_sword":1,"minecraft:iron_block":1,"minecraft:iron_shovel":1,"create:large_cogwheel":4,"minecraft:white_bed":1,"minecraft:andesite":18,"create:shaft":16,"minecraft:torch":92},"minecraft:picked_up":{"minecraft:crafting_table":5,"minecraft:wheat":6,"minecraft:string":1,"minecraft:raw_copper":7,"create:andesite_funnel":1,"create:mechanical_press":2,"minecraft:cobbled_deepslate":215,"minecraft:beef":6,"minecraft:oak_boat":3,"create:basin":1,"minecraft:iron_nugget":6,"minecraft:iron_pickaxe":1,"minecraft:chest":7,"minecraft:furnace":2,"minecraft:dark_oak_sapling":3,"minecraft:stick":4,"minecraft:raw_iron":45,"minecraft:sandstone":2,"create:mechanical_mixer":5,"minecraft:torch":3,"create:andesite_casing":2,"minecraft:diorite":8,"minecraft:redstone":18,"minecraft:dark_oak_planks":2,"create:large_cogwheel":5,"minecraft:arrow":1,"minecraft:rotten_flesh":13,"minecraft:gold_ingot":4,"minecraft:mutton":5,"minecraft:obsidian":2,"minecraft:white_wool":3,"minecraft:cobblestone":102,"minecraft:birch_log":3,"create:iron_sheet":6,"minecraft:cooked_beef":1,"minecraft:andesite":42,"minecraft:water_bucket":1,"minecraft:salmon":1,"minecraft:leather":2,"minecraft:flint":1,"minecraft:tuff":33,"minecraft:oak_log":33,"create:andesite_alloy":1,"minecraft:gunpowder":2,"minecraft:lapis_lazuli":5,"minecraft:dirt":40,"minecraft:bone":3,"minecraft:apple":1,"minecraft:kelp":4,"minecraft:wheat_seeds":14,"minecraft:iron_ingot":17,"create:shaft":1,"minecraft:moss_block":2,"minecraft:oak_planks":4,"minecraft:birch_boat":1,"create:cogwheel":7,"minecraft:gravel":18,"minecraft:raw_iron_block":3,"minecraft:sand":92,"minecraft:dark_oak_log":33,"minecraft:diamond":14,"minecraft:stone_axe":1,"minecraft:granite":27,"minecraft:bread":1,"minecraft:oak_sapling":1,"minecraft:coal":31},"minecraft:dropped":{"minecraft:iron_ingot":18,"create:cogwheel":1,"minecraft:coal":6,"minecraft:flint":1,"minecraft:raw_iron_block":3,"minecraft:gold_ingot":4,"minecraft:iron_nugget":15,"minecraft:andesite":13,"create:wrench":1,"minecraft:wooden_pickaxe":1,"create:andesite_alloy":1},"minecraft:broken":{"minecraft:stone_axe":1,"minecraft:iron_pickaxe":1},"minecraft:used":{"minecraft:stone_sword":28,"minecraft:iron_shovel":77,"minecraft:stone_shovel":6,"minecraft:chest":9,"minecraft:cooked_salmon":2,"minecraft:rotten_flesh":13,"minecraft:torch":78,"minecraft:mutton":3,"create:mechanical_mixer":6,"create:cogwheel":13,"minecraft:tuff":33,"minecraft:obsidian":2,"minecraft:dark_oak_planks":17,"minecraft:lava_bucket":10,"create:wrench":1,"create:andesite_funnel":1,"minecraft:beef":2,"create:shaft":1,"minecraft:furnace":4,"minecraft:cooked_beef":1,"minecraft:cobbled_deepslate":6,"minecraft:cooked_mutton":2,"minecraft:wheat_seeds":6,"minecraft:water_bucket":6,"minecraft:stone_pickaxe":74,"minecraft:wooden_pickaxe":26,"minecraft:birch_boat":3,"minecraft:sand":8,"minecraft:crafting_table":9,"minecraft:white_bed":1,"minecraft:diamond_pickaxe":178,"minecraft:apple":1,"create:mechanical_press":3,"minecraft:dark_oak_log":2,"minecraft:bread":5,"minecraft:iron_pickaxe":251,"minecraft:gravel":11,"create:large_water_wheel":2,"minecraft:stone_axe":106,"create:basin":2,"minecraft:cobblestone":29,"minecraft:andesite":1,"minecraft:bucket":15,"minecraft:oak_boat":4,"create:large_cogwheel":9}},"DataVersion":3465}