{"stats":{"minecraft:killed_by":{"minecraft:skeleton":1},"minecraft:killed":{"minecraft:skeleton":3,"minecraft:piglin":1,"minecraft:creeper":2,"minecraft:sheep":3,"minecraft:zombie":7,"minecraft:cow":3},"minecraft:mined":{"minecraft:dark_oak_planks":2,"minecraft:tuff":32,"minecraft:deepslate_diamond_ore":14,"create:andesite_casing":2,"minecraft:dark_oak_log":32,"minecraft:obsidian":2,"minecraft:granite":21,"minecraft:grass_block":6,"create:large_cogwheel":5,"minecraft:moss_block":1,"minecraft:raw_iron_block":3,"create:shaft":1,"minecraft:furnace":2,"minecraft:iron_ore":22,"minecraft:fire":2,"minecraft:andesite":44,"minecraft:deepslate_iron_ore":24,"minecraft:stone":92,"create:mechanical_press":2,"minecraft:deepslate_redstone_ore":4,"create:cogwheel":6,"minecraft:crafting_table":5,"minecraft:chest":5,"minecraft:cobblestone":4,"minecraft:copper_ore":2,"minecraft:lapis_ore":1,"minecraft:oak_planks":5,"minecraft:diorite":4,"minecraft:wall_torch":1,"minecraft:birch_log":3,"minecraft:wheat":6,"create:mechanical_mixer":3,"minecraft:grass":1,"minecraft:coal_ore":11,"minecraft:oak_log":25,"minecraft:dirt":6,"minecraft:gravel":18,"minecraft:sand":5,"minecraft:oak_leaves":7,"minecraft:deepslate":221},"minecraft:custom":{"minecraft:mob_kills":19,"minecraft:interact_with_crafting_table":39,"minecraft:leave_game":5,"minecraft:time_since_death":70196,"minecraft:climb_one_cm":226,"minecraft:sprint_one_cm":149269,"minecraft:walk_one_cm":257529,"minecraft:drop":15,"minecraft:play_time":98834,"minecraft:deaths":1,"minecraft:sneak_time":8096,"minecraft:walk_under_water_one_cm":27377,"minecraft:jump":1436,"minecraft:walk_on_water_one_cm":29846,"minecraft:total_world_time":98834,"minecraft:interact_with_furnace":24,"minecraft:sleep_in_bed":3,"minecraft:time_since_rest":177,"minecraft:damage_taken":1110,"minecraft:damage_dealt":3115,"minecraft:swim_one_cm":70701,"minecraft:fly_one_cm":124157,"minecraft:open_chest":41,"minecraft:crouch_one_cm":10124,"minecraft:fall_one_cm":31120},"minecraft:crafted":{"minecraft:oak_door":3,"minecraft:oak_planks":68,"minecraft:stone_shovel":1,"minecraft:iron_nugget":36,"minecraft:birch_boat":2,"minecraft:furnace":2,"minecraft:cooked_mutton":2,"minecraft:glass":2,"create:mechanical_press":1,"minecraft:stone_pickaxe":1,"minecraft:chest":2,"create:basin":1,"minecraft:dark_oak_planks":120,"create:cogwheel":3,"minecraft:cooked_beef":1,"create:andesite_alloy":15,"minecraft:crafting_table":4,"minecraft:wooden_pickaxe":1,"create:goggles":1,"create:large_water_wheel":2,"minecraft:cooked_salmon":4,"minecraft:bucket":1,"minecraft:birch_planks":12,"minecraft:stone_axe":1,"create:mechanical_mixer":1,"minecraft:bread":2,"minecraft:air":0,"minecraft:oak_boat":2,"create:water_wheel":2,"create:whisk":1,"minecraft:diamond_pickaxe":1,"minecraft:stick":44,"minecraft:iron_ingot":17,"minecraft:stone_sword":1,"minecraft:iron_block":1,"create:large_cogwheel":2,"minecraft:white_bed":1,"create:shaft":8,"minecraft:torch":92},"minecraft:picked_up":{"minecraft:crafting_table":5,"minecraft:wheat":6,"minecraft:string":1,"minecraft:raw_copper":7,"create:mechanical_press":2,"minecraft:cobbled_deepslate":215,"minecraft:beef":6,"minecraft:oak_boat":3,"minecraft:iron_pickaxe":1,"minecraft:chest":5,"minecraft:furnace":2,"minecraft:dark_oak_sapling":3,"minecraft:stick":4,"minecraft:raw_iron":45,"minecraft:sandstone":2,"create:mechanical_mixer":3,"minecraft:torch":3,"create:andesite_casing":2,"minecraft:diorite":8,"minecraft:redstone":18,"minecraft:dark_oak_planks":2,"create:large_cogwheel":5,"minecraft:arrow":1,"minecraft:rotten_flesh":13,"minecraft:gold_ingot":4,"minecraft:mutton":5,"minecraft:obsidian":2,"minecraft:white_wool":3,"minecraft:cobblestone":87,"minecraft:birch_log":3,"create:iron_sheet":6,"minecraft:cooked_beef":1,"minecraft:andesite":37,"minecraft:water_bucket":1,"minecraft:salmon":1,"minecraft:leather":2,"minecraft:flint":1,"minecraft:tuff":33,"minecraft:oak_log":33,"minecraft:gunpowder":2,"minecraft:lapis_lazuli":5,"minecraft:dirt":23,"minecraft:bone":3,"minecraft:apple":1,"minecraft:wheat_seeds":14,"minecraft:iron_ingot":17,"minecraft:moss_block":2,"minecraft:oak_planks":4,"minecraft:birch_boat":1,"create:cogwheel":6,"minecraft:gravel":18,"minecraft:raw_iron_block":3,"minecraft:sand":32,"minecraft:dark_oak_log":33,"minecraft:diamond":14,"minecraft:stone_axe":1,"minecraft:granite":27,"minecraft:bread":1,"minecraft:oak_sapling":1,"minecraft:coal":31},"minecraft:dropped":{"minecraft:iron_ingot":18,"create:cogwheel":1,"minecraft:coal":6,"minecraft:flint":1,"minecraft:raw_iron_block":3,"minecraft:gold_ingot":4,"minecraft:iron_nugget":1,"minecraft:andesite":1,"minecraft:wooden_pickaxe":1},"minecraft:broken":{"minecraft:stone_axe":1,"minecraft:iron_pickaxe":1},"minecraft:used":{"minecraft:stone_sword":28,"minecraft:stone_shovel":6,"minecraft:chest":7,"minecraft:cooked_salmon":2,"minecraft:rotten_flesh":13,"minecraft:torch":78,"minecraft:mutton":3,"create:mechanical_mixer":4,"create:cogwheel":8,"minecraft:tuff":33,"minecraft:obsidian":2,"minecraft:dark_oak_planks":15,"minecraft:lava_bucket":10,"minecraft:beef":2,"minecraft:furnace":4,"minecraft:cooked_beef":1,"minecraft:cooked_mutton":1,"minecraft:wheat_seeds":6,"minecraft:water_bucket":6,"minecraft:stone_pickaxe":74,"minecraft:wooden_pickaxe":26,"minecraft:birch_boat":2,"minecraft:sand":8,"minecraft:crafting_table":9,"minecraft:white_bed":1,"minecraft:diamond_pickaxe":171,"minecraft:apple":1,"create:mechanical_press":3,"minecraft:dark_oak_log":2,"minecraft:bread":5,"minecraft:iron_pickaxe":251,"minecraft:gravel":11,"create:large_water_wheel":2,"minecraft:stone_axe":106,"create:basin":1,"minecraft:cobblestone":29,"minecraft:bucket":15,"minecraft:oak_boat":4,"create:large_cogwheel":7}},"DataVersion":3465}