{"stats":{"minecraft:picked_up":{"minecraft:wheat":38,"create:wrench":1,"minecraft:golden_sword":1,"minecraft:string":7,"minecraft:raw_copper":12,"minecraft:soul_soil":6,"create:water_wheel":4,"create:sand_paper":1,"create:andesite_funnel":2,"create:mechanical_press":2,"minecraft:cobbled_deepslate":227,"minecraft:iron_pickaxe":2,"minecraft:melon_slice":4,"minecraft:furnace":2,"minecraft:stick":8,"create:mechanical_mixer":7,"minecraft:torch":7,"create:andesite_casing":11,"minecraft:porkchop":4,"minecraft:diorite":11,"create:large_cogwheel":16,"minecraft:rotten_flesh":21,"create:scoria":8,"create:ochrum":1,"minecraft:obsidian":2,"minecraft:cobblestone":191,"minecraft:birch_log":3,"minecraft:magma_block":8,"minecraft:feather":3,"minecraft:cooked_beef":1,"minecraft:magma_cream":1,"create:fluid_tank":4,"minecraft:water_bucket":3,"minecraft:andesite":55,"minecraft:flint":3,"create:raw_zinc":45,"minecraft:tuff":33,"minecraft:dirt":84,"minecraft:lapis_lazuli":5,"minecraft:bone":26,"minecraft:wheat_seeds":117,"minecraft:raw_gold":17,"create:shaft":6,"minecraft:moss_block":6,"minecraft:oak_planks":4,"minecraft:cooked_porkchop":1,"create:cogwheel":25,"minecraft:sand":425,"create:empty_blaze_burner":1,"minecraft:dark_oak_log":205,"minecraft:diamond":23,"minecraft:cracked_polished_blackstone_bricks":1,"minecraft:granite":39,"minecraft:bread":1,"minecraft:oak_sapling":8,"minecraft:netherrack":1051,"create:copper_sheet":11,"minecraft:charcoal":2,"minecraft:crafting_table":8,"minecraft:chicken":4,"minecraft:nether_wart":8,"minecraft:clay_ball":40,"create:fluid_pipe":4,"minecraft:large_fern":1,"minecraft:blackstone":6,"minecraft:beef":6,"minecraft:oak_boat":4,"create:basin":2,"minecraft:iron_nugget":6,"minecraft:chest":10,"minecraft:sugar_cane":31,"minecraft:egg":1,"minecraft:dark_oak_sapling":5,"minecraft:raw_iron":46,"minecraft:sandstone":9,"create:golden_sheet":7,"minecraft:copper_ingot":29,"minecraft:redstone":18,"create:brass_casing":1,"create:vertical_gearbox":1,"create:steam_engine":2,"minecraft:dark_oak_planks":10,"minecraft:arrow":13,"create:depot":1,"minecraft:gold_ingot":5,"minecraft:glow_berries":4,"minecraft:mutton":6,"minecraft:white_wool":4,"create:iron_sheet":22,"create:brass_sheet":7,"minecraft:basalt":80,"minecraft:salmon":1,"minecraft:leather":2,"minecraft:oak_log":43,"create:andesite_alloy":1,"minecraft:gunpowder":6,"minecraft:cooked_mutton":2,"minecraft:apple":3,"minecraft:kelp":4,"minecraft:iron_ingot":77,"minecraft:cooked_chicken":4,"minecraft:soul_sand":3,"minecraft:smooth_basalt":1,"create:large_water_wheel":4,"minecraft:birch_boat":2,"minecraft:quartz":17,"minecraft:dripstone_block":39,"minecraft:raw_iron_block":3,"minecraft:gravel":32,"minecraft:amethyst_shard":28,"minecraft:spruce_sapling":2,"minecraft:spider_eye":1,"create:brass_ingot":1,"minecraft:campfire":4,"minecraft:stone_axe":1,"create:mechanical_pump":1,"create:rose_quartz":1,"minecraft:warped_roots":1,"minecraft:stripped_dark_oak_log":2,"minecraft:coal":31},"minecraft:custom":{"minecraft:interact_with_crafting_table":107,"minecraft:leave_game":10,"minecraft:time_since_death":66673,"minecraft:sprint_one_cm":638698,"minecraft:drop":127,"minecraft:play_time":320780,"minecraft:deaths":2,"minecraft:jump":5162,"minecraft:walk_on_water_one_cm":46701,"minecraft:interact_with_furnace":84,"minecraft:sleep_in_bed":14,"minecraft:damage_dealt":12785,"minecraft:crouch_one_cm":70940,"minecraft:mob_kills":92,"minecraft:interact_with_campfire":5,"minecraft:climb_one_cm":517,"minecraft:walk_one_cm":873652,"minecraft:sneak_time":23628,"minecraft:walk_under_water_one_cm":45550,"minecraft:total_world_time":320780,"minecraft:time_since_rest":9833,"minecraft:damage_taken":2999,"minecraft:swim_one_cm":113272,"minecraft:fly_one_cm":744681,"minecraft:open_chest":294,"minecraft:fall_one_cm":102567},"minecraft:mined":{"minecraft:dark_oak_planks":10,"minecraft:large_amethyst_bud":1,"create:deepslate_zinc_ore":36,"create:andesite_casing":11,"minecraft:obsidian":2,"minecraft:granite":33,"minecraft:grass_block":40,"minecraft:cracked_polished_blackstone_bricks":1,"minecraft:soul_soil":5,"minecraft:nether_wart":5,"minecraft:magma_block":8,"minecraft:raw_iron_block":3,"minecraft:iron_ore":23,"minecraft:cobbled_deepslate":1,"minecraft:fire":15,"create:mechanical_press":2,"minecraft:deepslate_redstone_ore":4,"create:cogwheel":21,"minecraft:blackstone":6,"minecraft:kelp_plant":1,"minecraft:amethyst_cluster":7,"minecraft:clay":12,"minecraft:melon":1,"create:scoria":8,"minecraft:chest":10,"create:brass_casing":1,"minecraft:nether_quartz_ore":17,"minecraft:cobblestone":14,"minecraft:sugar_cane":11,"minecraft:oak_planks":5,"minecraft:wall_torch":1,"create:large_water_wheel":1,"create:basin":2,"minecraft:warped_nylium":7,"minecraft:birch_log":3,"minecraft:wheat":43,"create:mechanical_mixer":7,"minecraft:grass":11,"minecraft:oak_log":35,"minecraft:sand":381,"minecraft:dirt":33,"minecraft:smooth_basalt":1,"minecraft:netherrack":1067,"minecraft:oak_leaves":11,"minecraft:deepslate":234,"create:zinc_ore":8,"minecraft:tuff":32,"minecraft:dark_oak_leaves":8,"minecraft:deepslate_diamond_ore":15,"minecraft:dark_oak_log":204,"create:large_cogwheel":15,"create:ochrum":1,"create:depot":1,"minecraft:soul_campfire":1,"minecraft:moss_block":5,"minecraft:sandstone":7,"create:shaft":4,"minecraft:furnace":2,"minecraft:andesite":58,"minecraft:deepslate_iron_ore":24,"create:deployer":1,"minecraft:stone":164,"minecraft:soul_sand":2,"minecraft:stripped_dark_oak_log":2,"minecraft:basalt":84,"minecraft:dandelion":1,"minecraft:crafting_table":8,"create:fluid_pipe":1,"create:water_wheel":4,"minecraft:campfire":1,"minecraft:tall_grass":3,"minecraft:copper_ore":3,"minecraft:lapis_ore":1,"minecraft:deepslate_gold_ore":13,"minecraft:diorite":7,"create:water_wheel_structure":2,"create:blaze_burner":1,"minecraft:coal_ore":11,"minecraft:gravel":34,"minecraft:dripstone_block":39,"create:andesite_funnel":2,"minecraft:gold_ore":4},"minecraft:crafted":{"minecraft:oak_planks":84,"minecraft:barrel":4,"minecraft:birch_boat":2,"minecraft:stone":30,"create:deployer":1,"minecraft:cooked_mutton":2,"create:vertical_gearbox":1,"create:rotation_speed_controller":1,"minecraft:glass":4,"create:andesite_funnel":2,"minecraft:iron_boots":1,"create:mechanical_press":1,"minecraft:chest":6,"minecraft:copper_block":2,"create:cogwheel":42,"create:brass_hand":1,"create:depot":1,"create:rose_quartz":1,"minecraft:soul_campfire":1,"minecraft:diamond_axe":1,"minecraft:crafting_table":6,"create:fluid_pipe":4,"minecraft:wooden_pickaxe":1,"minecraft:iron_helmet":1,"minecraft:copper_ingot":43,"create:sand_paper":1,"minecraft:birch_planks":12,"minecraft:campfire":5,"create:mechanical_mixer":1,"create:gearbox":1,"minecraft:charcoal":11,"minecraft:wooden_hoe":1,"minecraft:dark_oak_slab":24,"minecraft:iron_chestplate":1,"minecraft:paper":3,"minecraft:diamond_pickaxe":1,"create:water_wheel":5,"minecraft:stick":112,"create:mechanical_pump":1,"minecraft:iron_ingot":17,"minecraft:iron_pickaxe":2,"minecraft:iron_block":1,"minecraft:stone_sword":1,"minecraft:gold_ingot":2,"create:large_cogwheel":14,"create:empty_blaze_burner":3,"minecraft:oak_door":3,"minecraft:stone_shovel":1,"create:wrench":1,"create:steam_engine":2,"minecraft:iron_nugget":54,"minecraft:furnace":2,"minecraft:bone_meal":42,"minecraft:stone_pickaxe":1,"create:fluid_tank":4,"create:basin":1,"create:electron_tube":1,"minecraft:dark_oak_planks":436,"minecraft:cooked_beef":1,"create:andesite_alloy":15,"minecraft:dried_kelp":65,"minecraft:iron_sword":1,"create:goggles":2,"create:large_water_wheel":3,"minecraft:cooked_salmon":4,"minecraft:bucket":2,"minecraft:stone_axe":2,"minecraft:bread":12,"minecraft:air":0,"minecraft:oak_boat":3,"create:whisk":1,"minecraft:iron_shovel":2,"minecraft:iron_leggings":1,"minecraft:white_bed":1,"minecraft:andesite":18,"create:shaft":64,"minecraft:torch":192,"create:zinc_ingot":16},"minecraft:killed_by":{"minecraft:skeleton":1},"minecraft:dropped":{"create:cogwheel":2,"minecraft:flint":1,"create:brass_sheet":3,"minecraft:iron_pickaxe":1,"minecraft:gold_ingot":12,"minecraft:iron_nugget":21,"create:wrench":1,"create:brass_ingot":6,"create:andesite_alloy":1,"minecraft:iron_ingot":94,"create:rose_quartz":1,"minecraft:copper_ingot":49,"minecraft:coal":6,"minecraft:raw_iron_block":3,"create:sand_paper":1,"create:raw_zinc":1,"create:zinc_ingot":9,"minecraft:andesite":19,"minecraft:wooden_pickaxe":1},"minecraft:broken":{"minecraft:iron_shovel":1,"minecraft:stone_axe":1,"minecraft:iron_axe":1,"minecraft:iron_pickaxe":4},"minecraft:killed":{"minecraft:witch":1,"minecraft:spider":7,"minecraft:skeleton":18,"minecraft:chicken":4,"minecraft:magma_cube":15,"minecraft:piglin":5,"minecraft:pig":1,"minecraft:zombie_villager":3,"minecraft:creeper":5,"minecraft:sheep":4,"minecraft:zombie":18,"minecraft:ghast":2,"minecraft:cow":3,"minecraft:hoglin":1},"minecraft:used":{"create:deployer":1,"minecraft:iron_shovel":415,"minecraft:chest":14,"minecraft:iron_sword":4,"minecraft:rotten_flesh":22,"minecraft:soul_campfire":1,"create:fluid_tank":4,"minecraft:soul_sand":1,"minecraft:mutton":3,"create:cogwheel":31,"create:depot":2,"minecraft:tuff":33,"minecraft:obsidian":2,"minecraft:lava_bucket":10,"create:andesite_funnel":2,"create:rotation_speed_controller":2,"create:shaft":9,"create:steam_engine":4,"minecraft:furnace":4,"minecraft:potato":26,"minecraft:stone_pickaxe":74,"minecraft:wooden_pickaxe":26,"minecraft:diamond_axe":113,"minecraft:sugar_cane":22,"minecraft:glow_berries":6,"minecraft:sand":84,"minecraft:melon_slice":4,"minecraft:dark_oak_log":8,"minecraft:bread":29,"minecraft:gravel":11,"create:basin":3,"minecraft:andesite":2,"minecraft:oak_boat":5,"create:vertical_gearbox":1,"minecraft:bone_meal":41,"create:large_cogwheel":29,"minecraft:stone_sword":28,"minecraft:flint_and_steel":4,"minecraft:stone_shovel":6,"minecraft:cooked_salmon":2,"minecraft:cooked_chicken":4,"minecraft:netherrack":559,"minecraft:torch":177,"create:ochrum":1,"create:mechanical_pump":1,"minecraft:dirt":39,"create:mechanical_mixer":8,"minecraft:dark_oak_planks":115,"create:wrench":23,"minecraft:iron_axe":168,"minecraft:basalt":66,"minecraft:beef":2,"create:fluid_pipe":3,"minecraft:cooked_beef":1,"minecraft:cobbled_deepslate":7,"minecraft:crimson_stem":3,"minecraft:wheat_seeds":52,"minecraft:cooked_mutton":7,"minecraft:water_bucket":26,"create:empty_blaze_burner":3,"minecraft:birch_boat":3,"create:blaze_burner":1,"minecraft:crafting_table":12,"minecraft:white_bed":1,"minecraft:campfire":5,"minecraft:oak_log":6,"minecraft:wooden_hoe":18,"minecraft:diamond_pickaxe":1202,"minecraft:apple":3,"create:mechanical_press":3,"minecraft:iron_pickaxe":745,"create:water_wheel":5,"create:large_water_wheel":5,"minecraft:stone_axe":176,"minecraft:cobblestone":43,"minecraft:cooked_porkchop":2,"minecraft:porkchop":4,"minecraft:bucket":36}},"DataVersion":3465}