{"stats":{"minecraft:killed_by":{"minecraft:skeleton":1},"minecraft:killed":{"minecraft:creeper":1,"minecraft:sheep":2,"minecraft:skeleton":1,"minecraft:zombie":3,"minecraft:cow":3},"minecraft:mined":{"minecraft:crafting_table":3,"minecraft:granite":21,"minecraft:grass_block":6,"minecraft:copper_ore":2,"minecraft:cobblestone":1,"minecraft:lapis_ore":1,"minecraft:oak_planks":5,"minecraft:moss_block":1,"minecraft:diorite":4,"minecraft:wall_torch":1,"minecraft:iron_ore":20,"minecraft:andesite":39,"minecraft:grass":1,"minecraft:oak_log":25,"minecraft:coal_ore":11,"minecraft:gravel":17,"minecraft:dirt":6,"minecraft:stone":92,"minecraft:oak_leaves":7},"minecraft:custom":{"minecraft:interact_with_furnace":8,"minecraft:mob_kills":10,"minecraft:interact_with_crafting_table":8,"minecraft:leave_game":5,"minecraft:time_since_death":10196,"minecraft:climb_one_cm":226,"minecraft:time_since_rest":10219,"minecraft:sprint_one_cm":67523,"minecraft:damage_taken":615,"minecraft:walk_one_cm":97637,"minecraft:drop":2,"minecraft:damage_dealt":1245,"minecraft:swim_one_cm":56534,"minecraft:fly_one_cm":68069,"minecraft:crouch_one_cm":1204,"minecraft:play_time":38834,"minecraft:deaths":1,"minecraft:sneak_time":1933,"minecraft:walk_under_water_one_cm":15808,"minecraft:jump":629,"minecraft:walk_on_water_one_cm":14146,"minecraft:total_world_time":38834,"minecraft:fall_one_cm":17284},"minecraft:crafted":{"minecraft:cooked_beef":1,"minecraft:oak_door":3,"minecraft:oak_planks":32,"minecraft:stone_shovel":1,"minecraft:crafting_table":1,"minecraft:wooden_pickaxe":1,"minecraft:furnace":1,"minecraft:cooked_salmon":4,"minecraft:bucket":1,"minecraft:stone_axe":1,"minecraft:air":0,"minecraft:oak_boat":1,"minecraft:stick":32,"minecraft:iron_ingot":3,"minecraft:stone_pickaxe":1,"minecraft:torch":56},"minecraft:dropped":{"minecraft:coal":6,"minecraft:wooden_pickaxe":1},"minecraft:picked_up":{"minecraft:crafting_table":3,"minecraft:cooked_beef":1,"minecraft:salmon":1,"minecraft:andesite":27,"minecraft:leather":2,"minecraft:flint":1,"minecraft:oak_log":24,"minecraft:lapis_lazuli":5,"minecraft:dirt":11,"minecraft:raw_copper":7,"minecraft:bone":2,"minecraft:apple":1,"minecraft:beef":6,"minecraft:oak_boat":2,"minecraft:iron_pickaxe":1,"minecraft:moss_block":2,"minecraft:oak_planks":4,"minecraft:raw_iron":20,"minecraft:torch":3,"minecraft:gravel":17,"minecraft:diorite":8,"minecraft:arrow":1,"minecraft:rotten_flesh":6,"minecraft:stone_axe":1,"minecraft:granite":27,"minecraft:oak_sapling":1,"minecraft:mutton":3,"minecraft:coal":31,"minecraft:white_wool":2,"minecraft:cobblestone":84},"minecraft:used":{"minecraft:water_bucket":1,"minecraft:stone_shovel":6,"minecraft:stone_pickaxe":74,"minecraft:wooden_pickaxe":26,"minecraft:cooked_salmon":2,"minecraft:rotten_flesh":4,"minecraft:torch":48,"minecraft:mutton":3,"minecraft:crafting_table":4,"minecraft:iron_pickaxe":92,"minecraft:gravel":2,"minecraft:stone_axe":53,"minecraft:cobblestone":11,"minecraft:beef":2,"minecraft:furnace":1,"minecraft:bucket":1,"minecraft:oak_boat":2,"minecraft:cooked_beef":1}},"DataVersion":3465}