{"stats":{"minecraft:killed_by":{"minecraft:skeleton":1},"minecraft:killed":{"minecraft:witch":1,"minecraft:spider":3,"minecraft:skeleton":10,"minecraft:chicken":4,"minecraft:piglin":1,"minecraft:pig":1,"minecraft:zombie_villager":3,"minecraft:creeper":4,"minecraft:sheep":4,"minecraft:zombie":16,"minecraft:cow":3},"minecraft:mined":{"minecraft:dark_oak_planks":4,"create:zinc_ore":8,"minecraft:large_amethyst_bud":1,"minecraft:tuff":32,"minecraft:dark_oak_leaves":1,"minecraft:deepslate_diamond_ore":15,"create:andesite_casing":3,"minecraft:dark_oak_log":139,"minecraft:obsidian":2,"minecraft:granite":33,"minecraft:grass_block":23,"create:large_cogwheel":14,"create:ochrum":1,"minecraft:moss_block":5,"minecraft:sandstone":6,"minecraft:raw_iron_block":3,"create:shaft":3,"minecraft:furnace":2,"minecraft:iron_ore":23,"minecraft:cobbled_deepslate":1,"minecraft:fire":3,"minecraft:andesite":58,"minecraft:deepslate_iron_ore":24,"minecraft:stone":164,"create:mechanical_press":2,"minecraft:deepslate_redstone_ore":4,"create:cogwheel":19,"minecraft:kelp_plant":1,"minecraft:amethyst_cluster":7,"minecraft:stripped_dark_oak_log":2,"minecraft:clay":12,"create:fluid_pipe":1,"minecraft:crafting_table":7,"minecraft:chest":10,"create:scoria":1,"create:water_wheel":4,"minecraft:nether_quartz_ore":2,"minecraft:copper_ore":3,"minecraft:tall_grass":2,"minecraft:cobblestone":14,"minecraft:deepslate_gold_ore":7,"minecraft:lapis_ore":1,"minecraft:sugar_cane":10,"minecraft:oak_planks":5,"minecraft:diorite":7,"minecraft:wall_torch":1,"create:large_water_wheel":1,"create:basin":2,"create:water_wheel_structure":2,"minecraft:birch_log":3,"minecraft:wheat":15,"create:mechanical_mixer":7,"minecraft:grass":7,"minecraft:oak_log":29,"minecraft:coal_ore":11,"minecraft:gravel":18,"minecraft:dirt":8,"minecraft:sand":253,"minecraft:dripstone_block":39,"minecraft:netherrack":1,"create:andesite_funnel":2,"minecraft:gold_ore":4,"minecraft:deepslate":230,"minecraft:oak_leaves":10},"minecraft:custom":{"minecraft:mob_kills":53,"minecraft:interact_with_crafting_table":80,"minecraft:interact_with_campfire":5,"minecraft:leave_game":7,"minecraft:time_since_death":168679,"minecraft:climb_one_cm":266,"minecraft:sprint_one_cm":326081,"minecraft:walk_one_cm":529388,"minecraft:drop":71,"minecraft:play_time":197317,"minecraft:sneak_time":10574,"minecraft:deaths":1,"minecraft:walk_under_water_one_cm":43803,"minecraft:jump":2724,"minecraft:walk_on_water_one_cm":44658,"minecraft:total_world_time":197317,"minecraft:interact_with_furnace":56,"minecraft:sleep_in_bed":7,"minecraft:time_since_rest":10735,"minecraft:damage_taken":1765,"minecraft:damage_dealt":8706,"minecraft:swim_one_cm":101851,"minecraft:fly_one_cm":346699,"minecraft:open_chest":160,"minecraft:crouch_one_cm":11196,"minecraft:fall_one_cm":59045},"minecraft:crafted":{"minecraft:oak_door":3,"minecraft:oak_planks":76,"minecraft:stone_shovel":1,"minecraft:barrel":4,"create:steam_engine":2,"minecraft:iron_nugget":45,"minecraft:birch_boat":2,"minecraft:furnace":2,"minecraft:stone":30,"minecraft:cooked_mutton":2,"create:vertical_gearbox":1,"minecraft:glass":2,"create:andesite_funnel":2,"minecraft:iron_boots":1,"create:mechanical_press":1,"create:fluid_tank":4,"minecraft:stone_pickaxe":1,"minecraft:chest":6,"minecraft:copper_block":2,"create:basin":1,"minecraft:dark_oak_planks":300,"create:cogwheel":14,"minecraft:cooked_beef":1,"create:andesite_alloy":15,"create:rose_quartz":1,"minecraft:diamond_axe":1,"minecraft:crafting_table":5,"create:fluid_pipe":4,"minecraft:dried_kelp":65,"minecraft:wooden_pickaxe":1,"minecraft:iron_helmet":1,"minecraft:iron_sword":1,"create:goggles":1,"create:large_water_wheel":3,"minecraft:cooked_salmon":4,"minecraft:copper_ingot":43,"minecraft:bucket":2,"minecraft:birch_planks":12,"minecraft:campfire":4,"minecraft:stone_axe":2,"create:mechanical_mixer":1,"minecraft:bread":4,"minecraft:air":0,"create:gearbox":1,"minecraft:oak_boat":3,"create:whisk":1,"minecraft:dark_oak_slab":24,"minecraft:iron_chestplate":1,"minecraft:diamond_pickaxe":1,"create:water_wheel":5,"minecraft:stick":92,"create:mechanical_pump":1,"minecraft:iron_ingot":17,"minecraft:iron_block":1,"minecraft:stone_sword":1,"minecraft:iron_shovel":1,"minecraft:gold_ingot":2,"minecraft:iron_leggings":1,"create:large_cogwheel":6,"minecraft:white_bed":1,"create:shaft":24,"minecraft:andesite":18,"minecraft:torch":192},"minecraft:dropped":{"minecraft:iron_ingot":18,"create:cogwheel":1,"minecraft:copper_ingot":40,"minecraft:coal":6,"minecraft:flint":1,"minecraft:raw_iron_block":3,"minecraft:gold_ingot":7,"minecraft:iron_nugget":21,"minecraft:andesite":19,"create:wrench":1,"minecraft:wooden_pickaxe":1,"create:andesite_alloy":1},"minecraft:picked_up":{"create:copper_sheet":11,"minecraft:crafting_table":7,"minecraft:wheat":12,"minecraft:chicken":4,"minecraft:clay_ball":40,"minecraft:string":5,"create:fluid_pipe":4,"minecraft:raw_copper":12,"minecraft:large_fern":1,"create:andesite_funnel":2,"create:water_wheel":4,"create:mechanical_press":2,"minecraft:cobbled_deepslate":223,"minecraft:beef":6,"minecraft:oak_boat":3,"create:basin":2,"minecraft:iron_nugget":6,"minecraft:iron_pickaxe":1,"minecraft:sugar_cane":30,"minecraft:chest":10,"minecraft:furnace":2,"minecraft:egg":1,"minecraft:dark_oak_sapling":4,"minecraft:stick":6,"minecraft:raw_iron":46,"minecraft:sandstone":8,"create:mechanical_mixer":7,"create:golden_sheet":2,"minecraft:copper_ingot":29,"minecraft:torch":6,"create:andesite_casing":3,"minecraft:diorite":11,"minecraft:redstone":18,"create:steam_engine":2,"create:vertical_gearbox":1,"minecraft:dark_oak_planks":4,"create:large_cogwheel":15,"minecraft:arrow":6,"minecraft:rotten_flesh":21,"create:scoria":1,"create:ochrum":1,"minecraft:gold_ingot":5,"minecraft:glow_berries":4,"minecraft:obsidian":2,"minecraft:mutton":6,"minecraft:white_wool":4,"minecraft:cobblestone":191,"minecraft:birch_log":3,"create:iron_sheet":6,"minecraft:feather":3,"minecraft:cooked_beef":1,"create:fluid_tank":4,"minecraft:andesite":55,"minecraft:water_bucket":3,"minecraft:salmon":1,"minecraft:leather":2,"minecraft:flint":1,"minecraft:tuff":33,"create:raw_zinc":8,"minecraft:oak_log":37,"create:andesite_alloy":1,"minecraft:gunpowder":5,"minecraft:lapis_lazuli":5,"minecraft:dirt":42,"minecraft:cooked_mutton":2,"minecraft:bone":13,"minecraft:apple":1,"minecraft:kelp":4,"minecraft:wheat_seeds":40,"minecraft:raw_gold":11,"minecraft:iron_ingot":17,"minecraft:cooked_chicken":4,"create:shaft":5,"minecraft:moss_block":6,"minecraft:oak_planks":4,"create:large_water_wheel":4,"minecraft:cooked_porkchop":1,"minecraft:birch_boat":2,"create:cogwheel":22,"minecraft:quartz":2,"minecraft:raw_iron_block":3,"minecraft:dripstone_block":39,"minecraft:gravel":18,"minecraft:sand":282,"minecraft:amethyst_shard":28,"minecraft:spruce_sapling":2,"minecraft:dark_oak_log":140,"minecraft:diamond":23,"minecraft:stone_axe":1,"minecraft:campfire":4,"create:mechanical_pump":1,"minecraft:granite":39,"minecraft:bread":1,"minecraft:oak_sapling":8,"minecraft:netherrack":1,"minecraft:stripped_dark_oak_log":2,"minecraft:coal":31},"minecraft:broken":{"minecraft:iron_axe":1,"minecraft:stone_axe":1,"minecraft:iron_pickaxe":1},"minecraft:used":{"minecraft:stone_sword":28,"minecraft:iron_shovel":226,"minecraft:flint_and_steel":1,"minecraft:stone_shovel":6,"minecraft:chest":14,"minecraft:iron_sword":4,"minecraft:cooked_salmon":2,"minecraft:cooked_chicken":4,"minecraft:rotten_flesh":22,"create:fluid_tank":4,"minecraft:torch":144,"create:ochrum":1,"create:mechanical_pump":1,"minecraft:mutton":3,"create:mechanical_mixer":8,"create:cogwheel":28,"minecraft:tuff":33,"minecraft:obsidian":2,"minecraft:dark_oak_planks":17,"minecraft:lava_bucket":10,"create:wrench":22,"minecraft:iron_axe":168,"create:andesite_funnel":2,"minecraft:beef":2,"create:shaft":7,"create:steam_engine":4,"minecraft:furnace":4,"create:fluid_pipe":3,"minecraft:cooked_beef":1,"minecraft:cobbled_deepslate":6,"minecraft:cooked_mutton":4,"minecraft:wheat_seeds":6,"minecraft:water_bucket":26,"minecraft:stone_pickaxe":74,"minecraft:wooden_pickaxe":26,"minecraft:birch_boat":3,"minecraft:diamond_axe":13,"minecraft:sand":73,"minecraft:glow_berries":6,"minecraft:crafting_table":10,"minecraft:white_bed":1,"minecraft:campfire":4,"minecraft:diamond_pickaxe":424,"minecraft:apple":1,"minecraft:dark_oak_log":6,"create:mechanical_press":3,"minecraft:iron_pickaxe":262,"minecraft:bread":7,"create:water_wheel":5,"minecraft:gravel":11,"create:large_water_wheel":5,"minecraft:stone_axe":113,"create:basin":3,"minecraft:cobblestone":43,"minecraft:cooked_porkchop":2,"minecraft:andesite":2,"minecraft:bucket":36,"minecraft:oak_boat":5,"create:vertical_gearbox":1,"create:large_cogwheel":22}},"DataVersion":3465}