{"stats":{"minecraft:mined":{"minecraft:oak_leaves":1},"minecraft:custom":{"minecraft:jump":72,"minecraft:time_since_rest":3883,"minecraft:damage_taken":20,"minecraft:leave_game":3,"minecraft:play_time":3883,"minecraft:sprint_one_cm":7339,"minecraft:time_since_death":3883,"minecraft:walk_on_water_one_cm":2092,"minecraft:walk_one_cm":4478,"minecraft:sneak_time":11,"minecraft:total_world_time":3883,"minecraft:walk_under_water_one_cm":2967,"minecraft:swim_one_cm":10520,"minecraft:fall_one_cm":2005,"minecraft:fly_one_cm":15847}},"DataVersion":3465}