{"stats":{"minecraft:killed_by":{"minecraft:skeleton":1},"minecraft:killed":{"minecraft:piglin":1,"minecraft:creeper":1,"minecraft:sheep":3,"minecraft:skeleton":3,"minecraft:zombie":6,"minecraft:cow":3},"minecraft:mined":{"minecraft:deepslate_redstone_ore":4,"minecraft:tuff":32,"minecraft:deepslate_diamond_ore":14,"minecraft:obsidian":2,"minecraft:crafting_table":4,"minecraft:granite":21,"minecraft:grass_block":6,"minecraft:copper_ore":2,"minecraft:cobblestone":4,"minecraft:lapis_ore":1,"minecraft:oak_planks":5,"minecraft:moss_block":1,"minecraft:diorite":4,"minecraft:wall_torch":1,"minecraft:raw_iron_block":3,"minecraft:wheat":6,"minecraft:iron_ore":22,"minecraft:fire":1,"minecraft:andesite":43,"minecraft:grass":1,"minecraft:oak_log":25,"minecraft:coal_ore":11,"minecraft:deepslate_iron_ore":24,"minecraft:gravel":18,"minecraft:dirt":6,"minecraft:stone":92,"minecraft:deepslate":221,"minecraft:oak_leaves":7},"minecraft:custom":{"minecraft:interact_with_furnace":12,"minecraft:mob_kills":17,"minecraft:interact_with_crafting_table":17,"minecraft:leave_game":5,"minecraft:time_since_death":34196,"minecraft:climb_one_cm":226,"minecraft:time_since_rest":34219,"minecraft:sprint_one_cm":86000,"minecraft:damage_taken":815,"minecraft:walk_one_cm":158593,"minecraft:drop":5,"minecraft:damage_dealt":2543,"minecraft:swim_one_cm":60167,"minecraft:fly_one_cm":88584,"minecraft:open_chest":8,"minecraft:crouch_one_cm":6667,"minecraft:play_time":62834,"minecraft:deaths":1,"minecraft:sneak_time":7101,"minecraft:walk_under_water_one_cm":20434,"minecraft:jump":944,"minecraft:walk_on_water_one_cm":23904,"minecraft:total_world_time":62834,"minecraft:fall_one_cm":20754},"minecraft:crafted":{"minecraft:cooked_beef":1,"minecraft:oak_door":3,"minecraft:oak_planks":68,"minecraft:stone_shovel":1,"minecraft:crafting_table":2,"minecraft:wooden_pickaxe":1,"minecraft:furnace":2,"minecraft:cooked_salmon":4,"minecraft:bucket":1,"minecraft:stone_axe":1,"minecraft:air":0,"minecraft:oak_boat":1,"minecraft:diamond_pickaxe":1,"minecraft:stick":44,"minecraft:iron_ingot":3,"minecraft:stone_pickaxe":1,"minecraft:stone_sword":1,"minecraft:chest":2,"minecraft:torch":92},"minecraft:dropped":{"minecraft:coal":6,"minecraft:flint":1,"minecraft:raw_iron_block":3,"minecraft:wooden_pickaxe":1},"minecraft:picked_up":{"minecraft:wheat":6,"minecraft:crafting_table":4,"minecraft:cooked_beef":1,"minecraft:water_bucket":1,"minecraft:salmon":1,"minecraft:andesite":36,"minecraft:leather":2,"minecraft:flint":1,"minecraft:tuff":33,"minecraft:oak_log":33,"minecraft:lapis_lazuli":5,"minecraft:dirt":12,"minecraft:raw_copper":7,"minecraft:bone":3,"minecraft:apple":1,"minecraft:wheat_seeds":14,"minecraft:cobbled_deepslate":215,"minecraft:beef":6,"minecraft:oak_boat":2,"minecraft:iron_pickaxe":1,"minecraft:moss_block":2,"minecraft:oak_planks":4,"minecraft:raw_iron":45,"minecraft:sandstone":2,"minecraft:torch":3,"minecraft:raw_iron_block":3,"minecraft:gravel":18,"minecraft:sand":27,"minecraft:diorite":8,"minecraft:redstone":18,"minecraft:dark_oak_log":1,"minecraft:arrow":1,"minecraft:rotten_flesh":12,"minecraft:diamond":14,"minecraft:stone_axe":1,"minecraft:granite":27,"minecraft:bread":1,"minecraft:oak_sapling":1,"minecraft:obsidian":2,"minecraft:mutton":5,"minecraft:coal":31,"minecraft:white_wool":3,"minecraft:cobblestone":87},"minecraft:broken":{"minecraft:iron_pickaxe":1},"minecraft:used":{"minecraft:wheat_seeds":6,"minecraft:water_bucket":2,"minecraft:stone_sword":27,"minecraft:stone_shovel":6,"minecraft:stone_pickaxe":74,"minecraft:chest":2,"minecraft:wooden_pickaxe":26,"minecraft:cooked_salmon":2,"minecraft:rotten_flesh":12,"minecraft:torch":77,"minecraft:mutton":3,"minecraft:crafting_table":6,"minecraft:tuff":17,"minecraft:obsidian":2,"minecraft:diamond_pickaxe":152,"minecraft:lava_bucket":10,"minecraft:iron_pickaxe":249,"minecraft:gravel":9,"minecraft:stone_axe":54,"minecraft:cobblestone":17,"minecraft:beef":2,"minecraft:furnace":2,"minecraft:bucket":12,"minecraft:oak_boat":2,"minecraft:cooked_beef":1}},"DataVersion":3465}