{"stats":{"minecraft:killed_by":{"minecraft:skeleton":1},"minecraft:killed":{"minecraft:witch":1,"minecraft:spider":6,"minecraft:skeleton":14,"minecraft:chicken":4,"minecraft:magma_cube":15,"minecraft:piglin":2,"minecraft:pig":1,"minecraft:zombie_villager":3,"minecraft:hoglin":1,"minecraft:creeper":5,"minecraft:sheep":4,"minecraft:zombie":18,"minecraft:ghast":1,"minecraft:cow":3},"minecraft:mined":{"minecraft:dark_oak_planks":4,"create:zinc_ore":8,"minecraft:large_amethyst_bud":1,"minecraft:tuff":32,"minecraft:dark_oak_leaves":7,"minecraft:deepslate_diamond_ore":15,"create:andesite_casing":3,"minecraft:dark_oak_log":172,"minecraft:obsidian":2,"minecraft:granite":33,"minecraft:grass_block":23,"create:large_cogwheel":14,"minecraft:cracked_polished_blackstone_bricks":1,"create:ochrum":1,"minecraft:soul_soil":4,"minecraft:moss_block":5,"minecraft:sandstone":6,"minecraft:magma_block":8,"minecraft:raw_iron_block":3,"create:shaft":3,"minecraft:furnace":2,"minecraft:iron_ore":23,"minecraft:cobbled_deepslate":1,"minecraft:fire":14,"minecraft:andesite":58,"minecraft:deepslate_iron_ore":24,"minecraft:stone":164,"create:mechanical_press":2,"minecraft:deepslate_redstone_ore":4,"create:cogwheel":19,"minecraft:soul_sand":1,"minecraft:kelp_plant":1,"minecraft:amethyst_cluster":7,"minecraft:stripped_dark_oak_log":2,"minecraft:dandelion":1,"minecraft:clay":12,"create:fluid_pipe":1,"minecraft:crafting_table":7,"minecraft:chest":10,"create:scoria":1,"minecraft:campfire":1,"create:water_wheel":4,"minecraft:nether_quartz_ore":6,"minecraft:copper_ore":3,"minecraft:tall_grass":3,"minecraft:cobblestone":14,"minecraft:deepslate_gold_ore":7,"minecraft:lapis_ore":1,"minecraft:sugar_cane":11,"minecraft:oak_planks":5,"minecraft:diorite":7,"minecraft:wall_torch":1,"create:large_water_wheel":1,"minecraft:warped_nylium":7,"create:basin":2,"create:water_wheel_structure":2,"create:blaze_burner":1,"minecraft:birch_log":3,"minecraft:wheat":33,"create:mechanical_mixer":7,"minecraft:grass":11,"minecraft:oak_log":29,"minecraft:coal_ore":11,"minecraft:gravel":34,"minecraft:dirt":8,"minecraft:sand":256,"minecraft:dripstone_block":39,"minecraft:netherrack":276,"create:andesite_funnel":2,"minecraft:gold_ore":4,"minecraft:deepslate":230,"minecraft:oak_leaves":10},"minecraft:custom":{"minecraft:mob_kills":83,"minecraft:interact_with_crafting_table":88,"minecraft:interact_with_campfire":5,"minecraft:leave_game":7,"minecraft:time_since_death":204679,"minecraft:climb_one_cm":517,"minecraft:sprint_one_cm":405956,"minecraft:walk_one_cm":639824,"minecraft:drop":82,"minecraft:play_time":233317,"minecraft:sneak_time":14669,"minecraft:deaths":1,"minecraft:walk_under_water_one_cm":43803,"minecraft:jump":3488,"minecraft:walk_on_water_one_cm":44891,"minecraft:total_world_time":233317,"minecraft:interact_with_furnace":62,"minecraft:sleep_in_bed":9,"minecraft:time_since_rest":25177,"minecraft:damage_taken":2303,"minecraft:damage_dealt":11476,"minecraft:swim_one_cm":101851,"minecraft:fly_one_cm":482723,"minecraft:open_chest":201,"minecraft:crouch_one_cm":30320,"minecraft:fall_one_cm":79301},"minecraft:crafted":{"minecraft:oak_door":3,"minecraft:oak_planks":80,"minecraft:stone_shovel":1,"minecraft:barrel":4,"create:steam_engine":2,"minecraft:iron_nugget":45,"minecraft:birch_boat":2,"minecraft:furnace":2,"minecraft:stone":30,"minecraft:bone_meal":42,"minecraft:cooked_mutton":2,"create:vertical_gearbox":1,"minecraft:glass":2,"create:andesite_funnel":2,"minecraft:iron_boots":1,"create:mechanical_press":1,"create:fluid_tank":4,"minecraft:stone_pickaxe":1,"minecraft:chest":6,"minecraft:copper_block":2,"create:basin":1,"create:electron_tube":1,"minecraft:dark_oak_planks":308,"create:cogwheel":14,"minecraft:cooked_beef":1,"create:andesite_alloy":15,"create:rose_quartz":1,"minecraft:diamond_axe":1,"minecraft:crafting_table":6,"create:fluid_pipe":4,"minecraft:dried_kelp":65,"minecraft:wooden_pickaxe":1,"minecraft:iron_helmet":1,"minecraft:iron_sword":1,"create:goggles":1,"create:large_water_wheel":3,"minecraft:cooked_salmon":4,"minecraft:copper_ingot":43,"create:sand_paper":1,"minecraft:bucket":2,"minecraft:birch_planks":12,"minecraft:campfire":5,"minecraft:stone_axe":2,"create:mechanical_mixer":1,"minecraft:bread":10,"minecraft:air":0,"create:gearbox":1,"minecraft:oak_boat":3,"minecraft:wooden_hoe":1,"minecraft:paper":3,"create:whisk":1,"minecraft:dark_oak_slab":24,"minecraft:iron_chestplate":1,"minecraft:diamond_pickaxe":1,"create:water_wheel":5,"minecraft:stick":100,"create:mechanical_pump":1,"minecraft:iron_ingot":17,"minecraft:iron_block":1,"minecraft:stone_sword":1,"minecraft:iron_shovel":1,"minecraft:gold_ingot":2,"minecraft:iron_leggings":1,"create:large_cogwheel":6,"minecraft:white_bed":1,"create:shaft":24,"minecraft:andesite":18,"minecraft:torch":192,"create:empty_blaze_burner":1,"create:zinc_ingot":8},"minecraft:dropped":{"minecraft:iron_ingot":82,"create:rose_quartz":1,"create:cogwheel":1,"minecraft:copper_ingot":41,"minecraft:coal":6,"minecraft:flint":1,"minecraft:raw_iron_block":3,"create:sand_paper":1,"minecraft:gold_ingot":7,"minecraft:iron_nugget":21,"create:zinc_ingot":1,"minecraft:andesite":19,"create:wrench":1,"minecraft:wooden_pickaxe":1,"create:andesite_alloy":1},"minecraft:picked_up":{"create:copper_sheet":11,"minecraft:charcoal":2,"minecraft:crafting_table":7,"minecraft:wheat":30,"minecraft:chicken":4,"minecraft:clay_ball":40,"minecraft:soul_soil":4,"minecraft:string":7,"create:fluid_pipe":4,"minecraft:raw_copper":12,"minecraft:large_fern":1,"create:sand_paper":1,"create:andesite_funnel":2,"create:water_wheel":4,"create:mechanical_press":2,"minecraft:cobbled_deepslate":223,"minecraft:beef":6,"minecraft:oak_boat":4,"create:basin":2,"minecraft:iron_nugget":6,"minecraft:iron_pickaxe":1,"minecraft:sugar_cane":31,"minecraft:chest":10,"minecraft:furnace":2,"minecraft:egg":1,"minecraft:dark_oak_sapling":4,"minecraft:stick":6,"minecraft:raw_iron":46,"minecraft:sandstone":8,"create:mechanical_mixer":7,"create:golden_sheet":2,"minecraft:copper_ingot":29,"minecraft:torch":6,"create:andesite_casing":3,"minecraft:porkchop":4,"minecraft:diorite":11,"minecraft:redstone":18,"create:steam_engine":2,"create:vertical_gearbox":1,"minecraft:dark_oak_planks":4,"create:large_cogwheel":15,"minecraft:arrow":9,"minecraft:rotten_flesh":21,"create:scoria":1,"create:ochrum":1,"minecraft:gold_ingot":5,"minecraft:glow_berries":4,"minecraft:obsidian":2,"minecraft:mutton":6,"minecraft:white_wool":4,"minecraft:cobblestone":191,"minecraft:birch_log":3,"minecraft:magma_block":8,"create:iron_sheet":13,"minecraft:feather":3,"minecraft:cooked_beef":1,"minecraft:magma_cream":1,"create:fluid_tank":4,"minecraft:andesite":55,"minecraft:water_bucket":3,"minecraft:salmon":1,"minecraft:leather":2,"minecraft:flint":3,"minecraft:tuff":33,"create:raw_zinc":8,"minecraft:oak_log":37,"create:andesite_alloy":1,"minecraft:gunpowder":6,"minecraft:lapis_lazuli":5,"minecraft:dirt":42,"minecraft:cooked_mutton":2,"minecraft:bone":18,"minecraft:apple":2,"minecraft:kelp":4,"minecraft:wheat_seeds":94,"minecraft:raw_gold":11,"minecraft:iron_ingot":74,"minecraft:cooked_chicken":4,"create:shaft":5,"minecraft:moss_block":6,"minecraft:soul_sand":1,"minecraft:oak_planks":4,"create:empty_blaze_burner":1,"create:large_water_wheel":4,"minecraft:cooked_porkchop":1,"minecraft:birch_boat":2,"create:cogwheel":22,"minecraft:quartz":6,"minecraft:raw_iron_block":3,"minecraft:dripstone_block":39,"minecraft:gravel":32,"minecraft:sand":300,"minecraft:amethyst_shard":28,"minecraft:spruce_sapling":2,"minecraft:spider_eye":1,"minecraft:dark_oak_log":173,"minecraft:diamond":23,"minecraft:stone_axe":1,"minecraft:campfire":4,"minecraft:cracked_polished_blackstone_bricks":1,"create:mechanical_pump":1,"minecraft:granite":39,"minecraft:warped_roots":1,"create:rose_quartz":1,"minecraft:bread":1,"minecraft:oak_sapling":8,"minecraft:netherrack":279,"minecraft:stripped_dark_oak_log":2,"minecraft:coal":31},"minecraft:broken":{"minecraft:iron_shovel":1,"minecraft:iron_axe":1,"minecraft:stone_axe":1,"minecraft:iron_pickaxe":1},"minecraft:used":{"minecraft:stone_sword":28,"minecraft:iron_shovel":249,"minecraft:flint_and_steel":4,"minecraft:stone_shovel":6,"minecraft:chest":14,"minecraft:iron_sword":4,"minecraft:cooked_salmon":2,"minecraft:cooked_chicken":4,"minecraft:rotten_flesh":22,"minecraft:netherrack":161,"minecraft:soul_sand":1,"create:fluid_tank":4,"minecraft:torch":177,"create:ochrum":1,"create:mechanical_pump":1,"minecraft:mutton":3,"create:mechanical_mixer":8,"create:cogwheel":28,"minecraft:tuff":33,"minecraft:obsidian":2,"minecraft:dark_oak_planks":17,"minecraft:lava_bucket":10,"create:wrench":22,"minecraft:iron_axe":168,"create:andesite_funnel":2,"minecraft:beef":2,"create:shaft":7,"create:steam_engine":4,"minecraft:furnace":4,"create:fluid_pipe":3,"minecraft:potato":5,"minecraft:cooked_beef":1,"minecraft:cobbled_deepslate":6,"minecraft:cooked_mutton":4,"minecraft:wheat_seeds":42,"minecraft:water_bucket":26,"minecraft:stone_pickaxe":74,"create:empty_blaze_burner":1,"minecraft:wooden_pickaxe":26,"minecraft:birch_boat":3,"minecraft:sugar_cane":22,"minecraft:diamond_axe":101,"minecraft:sand":74,"minecraft:glow_berries":6,"minecraft:crafting_table":11,"minecraft:white_bed":1,"minecraft:campfire":5,"minecraft:wooden_hoe":18,"minecraft:diamond_pickaxe":720,"minecraft:apple":1,"minecraft:dark_oak_log":8,"create:mechanical_press":3,"minecraft:iron_pickaxe":262,"minecraft:bread":20,"create:water_wheel":5,"minecraft:gravel":11,"create:large_water_wheel":5,"minecraft:stone_axe":113,"create:basin":3,"minecraft:cobblestone":43,"minecraft:cooked_porkchop":2,"minecraft:andesite":2,"minecraft:bucket":36,"minecraft:bone_meal":41,"minecraft:oak_boat":5,"create:vertical_gearbox":1,"create:large_cogwheel":22}},"DataVersion":3465}