{"stats":{"minecraft:killed":{"minecraft:sheep":2,"minecraft:cow":3},"minecraft:mined":{"minecraft:iron_ore":2,"minecraft:crafting_table":3,"minecraft:grass":1,"minecraft:grass_block":6,"minecraft:coal_ore":11,"minecraft:oak_log":10,"minecraft:dirt":5,"minecraft:stone":22,"minecraft:oak_leaves":5},"minecraft:custom":{"minecraft:time_since_rest":14834,"minecraft:sprint_one_cm":29422,"minecraft:damage_taken":195,"minecraft:walk_one_cm":24218,"minecraft:mob_kills":5,"minecraft:drop":1,"minecraft:damage_dealt":440,"minecraft:swim_one_cm":15458,"minecraft:interact_with_crafting_table":4,"minecraft:fly_one_cm":51992,"minecraft:play_time":14834,"minecraft:sneak_time":16,"minecraft:walk_under_water_one_cm":4286,"minecraft:jump":271,"minecraft:leave_game":5,"minecraft:walk_on_water_one_cm":4273,"minecraft:time_since_death":14834,"minecraft:total_world_time":14834,"minecraft:fall_one_cm":11844},"minecraft:crafted":{"minecraft:oak_boat":1,"minecraft:oak_planks":16,"minecraft:stone_shovel":1,"minecraft:crafting_table":1,"minecraft:stick":8,"minecraft:wooden_pickaxe":1,"minecraft:stone_pickaxe":1,"minecraft:stone_axe":1},"minecraft:dropped":{"minecraft:wooden_pickaxe":1},"minecraft:picked_up":{"minecraft:crafting_table":3,"minecraft:raw_iron":2,"minecraft:leather":2,"minecraft:oak_log":10,"minecraft:dirt":11,"minecraft:beef":6,"minecraft:oak_boat":2,"minecraft:oak_sapling":1,"minecraft:mutton":3,"minecraft:coal":11,"minecraft:white_wool":2,"minecraft:cobblestone":22},"minecraft:used":{"minecraft:stone_shovel":6,"minecraft:stone_pickaxe":9,"minecraft:wooden_pickaxe":26,"minecraft:stone_axe":16,"minecraft:mutton":3,"minecraft:beef":2,"minecraft:crafting_table":3,"minecraft:oak_boat":2}},"DataVersion":3465}