{"stats":{"minecraft:killed_by":{"minecraft:zombie":1},"minecraft:killed":{"minecraft:pig":1,"minecraft:sheep":1,"minecraft:zombie":2},"minecraft:mined":{"minecraft:dark_oak_log":5,"minecraft:crafting_table":1,"minecraft:torch":1,"minecraft:grass_block":12,"minecraft:mushroom_stem":12,"minecraft:blue_bed":1,"minecraft:pumpkin":3,"minecraft:coal_ore":16,"minecraft:oak_log":23,"minecraft:dirt":30,"minecraft:azalea_leaves":1,"minecraft:red_mushroom_block":4,"minecraft:stone":23,"minecraft:oak_leaves":7},"minecraft:custom":{"minecraft:interact_with_furnace":6,"minecraft:mob_kills":4,"minecraft:interact_with_crafting_table":8,"minecraft:interact_with_grindstone":1,"minecraft:leave_game":2,"minecraft:time_since_death":5183,"minecraft:sleep_in_bed":5,"minecraft:time_since_rest":1177,"minecraft:sprint_one_cm":72761,"minecraft:damage_taken":470,"minecraft:walk_one_cm":100196,"minecraft:damage_blocked_by_shield":60,"minecraft:drop":2,"minecraft:damage_dealt":777,"minecraft:fly_one_cm":31097,"minecraft:open_chest":15,"minecraft:crouch_one_cm":99,"minecraft:play_time":40987,"minecraft:deaths":1,"minecraft:sneak_time":28,"minecraft:walk_under_water_one_cm":4323,"minecraft:jump":316,"minecraft:walk_on_water_one_cm":7293,"minecraft:total_world_time":41710,"minecraft:fall_one_cm":8296},"minecraft:crafted":{"minecraft:oak_planks":36,"minecraft:cooked_porkchop":1,"minecraft:crafting_table":1,"minecraft:wooden_pickaxe":1,"minecraft:stone_axe":1,"minecraft:cooked_mutton":2,"minecraft:air":0,"minecraft:shield":1,"minecraft:stick":12,"minecraft:iron_pickaxe":1,"minecraft:stone_pickaxe":1,"minecraft:stone_sword":1,"minecraft:torch":4},"minecraft:dropped":{"minecraft:birch_sapling":1,"minecraft:cooked_mutton":1},"minecraft:picked_up":{"minecraft:crafting_table":2,"minecraft:wooden_pickaxe":1,"minecraft:red_mushroom":1,"minecraft:oak_log":37,"minecraft:shield":1,"minecraft:dirt":93,"minecraft:blue_bed":1,"minecraft:string":2,"minecraft:iron_ingot":1,"minecraft:stone_pickaxe":1,"minecraft:iron_pickaxe":1,"minecraft:birch_sapling":1,"minecraft:oak_planks":17,"minecraft:stick":2,"minecraft:sandstone":1,"minecraft:pumpkin":3,"minecraft:torch":4,"minecraft:porkchop":1,"minecraft:dark_oak_log":5,"minecraft:stone_sword":1,"minecraft:rotten_flesh":1,"minecraft:stone_axe":1,"minecraft:mutton":2,"minecraft:coal":16,"minecraft:white_wool":1,"minecraft:cobblestone":33},"minecraft:used":{"minecraft:cooked_mutton":1,"minecraft:stone_sword":16,"minecraft:stone_pickaxe":9,"minecraft:wooden_pickaxe":33,"minecraft:shield":2,"minecraft:sandstone":1,"minecraft:blue_bed":1,"minecraft:rotten_flesh":1,"minecraft:torch":5,"minecraft:dirt":9,"minecraft:crafting_table":1,"minecraft:stone_axe":40,"minecraft:cobblestone":3}},"DataVersion":3465}