{"stats":{"minecraft:killed":{"minecraft:pig":1},"minecraft:mined":{"minecraft:coal_ore":14,"minecraft:grass_block":9,"minecraft:oak_log":19,"minecraft:stone":11,"minecraft:crafting_table":1,"minecraft:oak_leaves":5},"minecraft:custom":{"minecraft:time_since_rest":10987,"minecraft:crouch_one_cm":35,"minecraft:sprint_one_cm":21233,"minecraft:play_time":10987,"minecraft:damage_taken":40,"minecraft:walk_one_cm":18528,"minecraft:sneak_time":10,"minecraft:walk_under_water_one_cm":1341,"minecraft:mob_kills":1,"minecraft:jump":110,"minecraft:damage_dealt":100,"minecraft:walk_on_water_one_cm":3836,"minecraft:leave_game":2,"minecraft:time_since_death":10987,"minecraft:total_world_time":11710,"minecraft:interact_with_crafting_table":3,"minecraft:fall_one_cm":3630,"minecraft:fly_one_cm":16453},"minecraft:crafted":{"minecraft:stone_sword":1,"minecraft:oak_planks":36,"minecraft:stone_axe":1,"minecraft:crafting_table":1,"minecraft:stick":8,"minecraft:stone_pickaxe":1,"minecraft:wooden_pickaxe":1},"minecraft:picked_up":{"minecraft:crafting_table":1,"minecraft:porkchop":1,"minecraft:oak_log":19,"minecraft:coal":14,"minecraft:dirt":9,"minecraft:cobblestone":10},"minecraft:used":{"minecraft:stone_axe":12,"minecraft:stone_sword":2,"minecraft:dirt":9,"minecraft:crafting_table":1,"minecraft:stone_pickaxe":3,"minecraft:wooden_pickaxe":22}},"DataVersion":3465}