{"stats":{"minecraft:killed":{"minecraft:sheep":1,"minecraft:zombie":2,"minecraft:pig":1},"minecraft:mined":{"minecraft:dark_oak_log":5,"minecraft:pumpkin":3,"minecraft:crafting_table":1,"minecraft:oak_log":23,"minecraft:grass_block":12,"minecraft:coal_ore":16,"minecraft:dirt":30,"minecraft:mushroom_stem":12,"minecraft:red_mushroom_block":4,"minecraft:azalea_leaves":1,"minecraft:stone":23,"minecraft:oak_leaves":7},"minecraft:custom":{"minecraft:time_since_rest":10735,"minecraft:interact_with_furnace":6,"minecraft:sprint_one_cm":50945,"minecraft:damage_taken":160,"minecraft:walk_one_cm":80569,"minecraft:mob_kills":4,"minecraft:drop":2,"minecraft:damage_dealt":594,"minecraft:interact_with_crafting_table":8,"minecraft:fly_one_cm":22588,"minecraft:open_chest":15,"minecraft:crouch_one_cm":35,"minecraft:play_time":28987,"minecraft:sneak_time":21,"minecraft:walk_under_water_one_cm":4323,"minecraft:jump":256,"minecraft:interact_with_grindstone":1,"minecraft:leave_game":2,"minecraft:time_since_death":28987,"minecraft:walk_on_water_one_cm":7293,"minecraft:sleep_in_bed":2,"minecraft:total_world_time":29710,"minecraft:fall_one_cm":6679},"minecraft:crafted":{"minecraft:oak_planks":36,"minecraft:cooked_porkchop":1,"minecraft:shield":1,"minecraft:crafting_table":1,"minecraft:stick":12,"minecraft:iron_pickaxe":1,"minecraft:wooden_pickaxe":1,"minecraft:stone_pickaxe":1,"minecraft:stone_sword":1,"minecraft:torch":4,"minecraft:stone_axe":1,"minecraft:air":0,"minecraft:cooked_mutton":2},"minecraft:dropped":{"minecraft:birch_sapling":1,"minecraft:cooked_mutton":1},"minecraft:picked_up":{"minecraft:crafting_table":1,"minecraft:pumpkin":3,"minecraft:red_mushroom":1,"minecraft:porkchop":1,"minecraft:oak_log":23,"minecraft:dark_oak_log":5,"minecraft:dirt":51,"minecraft:rotten_flesh":1,"minecraft:mutton":2,"minecraft:birch_sapling":1,"minecraft:coal":16,"minecraft:white_wool":1,"minecraft:cobblestone":22},"minecraft:used":{"minecraft:cooked_mutton":1,"minecraft:stone_sword":12,"minecraft:stone_pickaxe":9,"minecraft:wooden_pickaxe":33,"minecraft:rotten_flesh":1,"minecraft:stone_axe":40,"minecraft:torch":1,"minecraft:dirt":9,"minecraft:cobblestone":3,"minecraft:crafting_table":1}},"DataVersion":3465}