{"stats":{"minecraft:killed_by":{"minecraft:zombie":1},"minecraft:killed":{"minecraft:pig":3,"minecraft:zombified_piglin":1,"minecraft:sheep":3,"minecraft:zombie":2,"minecraft:chicken":2,"minecraft:drowned":1},"minecraft:mined":{"minecraft:basalt":7,"minecraft:dark_oak_log":5,"minecraft:crafting_table":1,"minecraft:torch":1,"minecraft:grass_block":12,"minecraft:chest":1,"minecraft:mushroom_stem":12,"minecraft:nether_quartz_ore":9,"minecraft:sugar_cane":2,"minecraft:red_mushroom":6,"minecraft:blue_bed":1,"minecraft:magma_block":4,"minecraft:furnace":1,"minecraft:pumpkin":3,"minecraft:coal_ore":16,"minecraft:oak_log":23,"minecraft:dirt":30,"minecraft:azalea_leaves":1,"minecraft:red_mushroom_block":4,"minecraft:stone":23,"minecraft:netherrack":3,"minecraft:oak_leaves":7,"minecraft:jungle_wall_sign":1},"minecraft:custom":{"minecraft:interact_with_furnace":33,"minecraft:mob_kills":12,"minecraft:interact_with_crafting_table":11,"minecraft:interact_with_grindstone":1,"minecraft:leave_game":2,"minecraft:time_since_death":5879,"minecraft:sleep_in_bed":6,"minecraft:time_since_rest":5908,"minecraft:sprint_one_cm":90215,"minecraft:damage_taken":805,"minecraft:walk_one_cm":185198,"minecraft:damage_blocked_by_shield":60,"minecraft:drop":2,"minecraft:damage_dealt":1661,"minecraft:fly_one_cm":38408,"minecraft:open_chest":148,"minecraft:crouch_one_cm":596,"minecraft:play_time":76987,"minecraft:deaths":2,"minecraft:sneak_time":425,"minecraft:walk_under_water_one_cm":4956,"minecraft:jump":471,"minecraft:walk_on_water_one_cm":9415,"minecraft:total_world_time":77710,"minecraft:fall_one_cm":10292},"minecraft:crafted":{"minecraft:oak_planks":36,"minecraft:cooked_porkchop":5,"minecraft:crafting_table":1,"minecraft:wooden_pickaxe":1,"minecraft:furnace":1,"minecraft:stone":112,"minecraft:stone_axe":1,"minecraft:cooked_mutton":5,"minecraft:air":0,"minecraft:jungle_planks":16,"minecraft:shield":1,"minecraft:melon_seeds":2,"minecraft:stick":12,"minecraft:iron_pickaxe":1,"minecraft:stone_pickaxe":1,"minecraft:stone_sword":1,"minecraft:chest":1,"minecraft:torch":4,"minecraft:jungle_sign":6},"minecraft:dropped":{"minecraft:birch_sapling":1,"minecraft:cooked_mutton":1},"minecraft:picked_up":{"minecraft:magma_block":3,"minecraft:crafting_table":2,"minecraft:feather":3,"minecraft:basalt":6,"minecraft:chicken":2,"minecraft:wooden_pickaxe":2,"minecraft:red_mushroom":13,"minecraft:oak_log":37,"minecraft:shield":1,"minecraft:dirt":93,"minecraft:blue_bed":1,"minecraft:string":2,"minecraft:gold_nugget":1,"minecraft:iron_ingot":1,"minecraft:stone_pickaxe":1,"minecraft:iron_pickaxe":1,"minecraft:light_gray_wool":1,"minecraft:chest":1,"minecraft:sugar_cane":4,"minecraft:birch_sapling":1,"minecraft:oak_planks":17,"minecraft:furnace":1,"minecraft:egg":3,"minecraft:stick":2,"minecraft:sandstone":1,"minecraft:pumpkin":3,"minecraft:torch":4,"minecraft:quartz":18,"minecraft:porkchop":5,"minecraft:dark_oak_log":5,"minecraft:jungle_sign":1,"minecraft:stone_sword":2,"minecraft:rotten_flesh":4,"minecraft:stone_axe":1,"minecraft:netherrack":2,"minecraft:mutton":5,"minecraft:coal":16,"minecraft:white_wool":2,"minecraft:cobblestone":33},"minecraft:used":{"minecraft:cooked_mutton":1,"minecraft:stone_sword":41,"minecraft:stone_pickaxe":9,"minecraft:chest":4,"minecraft:wooden_pickaxe":36,"minecraft:shield":2,"minecraft:sandstone":1,"minecraft:blue_bed":1,"minecraft:rotten_flesh":1,"minecraft:netherrack":2,"minecraft:torch":5,"minecraft:dirt":9,"minecraft:crafting_table":1,"minecraft:iron_pickaxe":21,"minecraft:melon_seeds":2,"minecraft:basalt":2,"minecraft:stone_axe":40,"minecraft:jungle_sign":5,"minecraft:cobblestone":3,"minecraft:furnace":2,"minecraft:cooked_porkchop":2}},"DataVersion":3465}