{"stats":{"minecraft:killed_by":{"minecraft:zombie":1},"minecraft:killed":{"minecraft:pig":3,"minecraft:sheep":3,"minecraft:zombie":2,"minecraft:chicken":2},"minecraft:mined":{"minecraft:dark_oak_log":5,"minecraft:crafting_table":1,"minecraft:torch":1,"minecraft:grass_block":12,"minecraft:mushroom_stem":12,"minecraft:sugar_cane":2,"minecraft:blue_bed":1,"minecraft:furnace":1,"minecraft:pumpkin":3,"minecraft:coal_ore":16,"minecraft:oak_log":23,"minecraft:dirt":30,"minecraft:azalea_leaves":1,"minecraft:red_mushroom_block":4,"minecraft:stone":23,"minecraft:oak_leaves":7},"minecraft:custom":{"minecraft:interact_with_furnace":25,"minecraft:mob_kills":10,"minecraft:interact_with_crafting_table":9,"minecraft:interact_with_grindstone":1,"minecraft:leave_game":2,"minecraft:time_since_death":17183,"minecraft:sleep_in_bed":5,"minecraft:time_since_rest":13177,"minecraft:sprint_one_cm":86769,"minecraft:damage_taken":470,"minecraft:walk_one_cm":138349,"minecraft:damage_blocked_by_shield":60,"minecraft:drop":2,"minecraft:damage_dealt":1217,"minecraft:fly_one_cm":34224,"minecraft:open_chest":30,"minecraft:crouch_one_cm":107,"minecraft:play_time":52987,"minecraft:deaths":1,"minecraft:sneak_time":58,"minecraft:walk_under_water_one_cm":4479,"minecraft:jump":382,"minecraft:walk_on_water_one_cm":7968,"minecraft:total_world_time":53710,"minecraft:fall_one_cm":8856},"minecraft:crafted":{"minecraft:oak_planks":36,"minecraft:cooked_porkchop":4,"minecraft:crafting_table":1,"minecraft:wooden_pickaxe":1,"minecraft:furnace":1,"minecraft:stone":48,"minecraft:stone_axe":1,"minecraft:cooked_mutton":2,"minecraft:air":0,"minecraft:shield":1,"minecraft:stick":12,"minecraft:iron_pickaxe":1,"minecraft:stone_pickaxe":1,"minecraft:stone_sword":1,"minecraft:torch":4},"minecraft:dropped":{"minecraft:birch_sapling":1,"minecraft:cooked_mutton":1},"minecraft:picked_up":{"minecraft:crafting_table":2,"minecraft:feather":3,"minecraft:chicken":2,"minecraft:wooden_pickaxe":1,"minecraft:red_mushroom":1,"minecraft:oak_log":37,"minecraft:shield":1,"minecraft:dirt":93,"minecraft:blue_bed":1,"minecraft:string":2,"minecraft:iron_ingot":1,"minecraft:stone_pickaxe":1,"minecraft:iron_pickaxe":1,"minecraft:light_gray_wool":1,"minecraft:sugar_cane":4,"minecraft:birch_sapling":1,"minecraft:oak_planks":17,"minecraft:furnace":1,"minecraft:egg":3,"minecraft:stick":2,"minecraft:sandstone":1,"minecraft:pumpkin":3,"minecraft:torch":4,"minecraft:porkchop":5,"minecraft:dark_oak_log":5,"minecraft:stone_sword":1,"minecraft:rotten_flesh":1,"minecraft:stone_axe":1,"minecraft:mutton":5,"minecraft:coal":16,"minecraft:white_wool":2,"minecraft:cobblestone":33},"minecraft:used":{"minecraft:cooked_mutton":1,"minecraft:stone_sword":26,"minecraft:stone_pickaxe":9,"minecraft:wooden_pickaxe":34,"minecraft:shield":2,"minecraft:sandstone":1,"minecraft:blue_bed":1,"minecraft:rotten_flesh":1,"minecraft:torch":5,"minecraft:dirt":9,"minecraft:crafting_table":1,"minecraft:stone_axe":40,"minecraft:cobblestone":3,"minecraft:furnace":2,"minecraft:cooked_porkchop":2}},"DataVersion":3465}