{"stats":{"minecraft:killed_by":{"minecraft:zombie":1},"minecraft:killed":{"minecraft:pig":3,"minecraft:zombified_piglin":1,"minecraft:sheep":3,"minecraft:zombie":4,"minecraft:chicken":2,"minecraft:drowned":1},"minecraft:mined":{"minecraft:basalt":7,"minecraft:dark_oak_log":21,"minecraft:crafting_table":1,"minecraft:torch":2,"minecraft:grass_block":12,"minecraft:chest":1,"minecraft:mushroom_stem":18,"minecraft:brown_mushroom_block":8,"minecraft:nether_quartz_ore":9,"minecraft:sugar_cane":23,"minecraft:red_mushroom":6,"minecraft:blue_bed":1,"minecraft:magma_block":4,"minecraft:furnace":1,"minecraft:pumpkin":3,"minecraft:coal_ore":16,"minecraft:oak_log":24,"minecraft:sand":7,"minecraft:dirt":30,"minecraft:azalea_leaves":1,"minecraft:red_mushroom_block":4,"minecraft:stone":23,"minecraft:netherrack":3,"minecraft:oak_leaves":7,"minecraft:jungle_wall_sign":1},"minecraft:custom":{"minecraft:interact_with_furnace":34,"minecraft:mob_kills":14,"minecraft:interact_with_crafting_table":17,"minecraft:interact_with_grindstone":1,"minecraft:leave_game":2,"minecraft:time_since_death":17879,"minecraft:sleep_in_bed":7,"minecraft:time_since_rest":10334,"minecraft:sprint_one_cm":105169,"minecraft:damage_taken":885,"minecraft:walk_one_cm":246164,"minecraft:damage_blocked_by_shield":60,"minecraft:drop":2,"minecraft:damage_dealt":2059,"minecraft:fly_one_cm":51623,"minecraft:open_chest":163,"minecraft:crouch_one_cm":596,"minecraft:play_time":88987,"minecraft:deaths":2,"minecraft:sneak_time":426,"minecraft:walk_under_water_one_cm":5624,"minecraft:jump":578,"minecraft:walk_on_water_one_cm":10903,"minecraft:total_world_time":89710,"minecraft:fall_one_cm":12067},"minecraft:crafted":{"minecraft:oak_planks":40,"minecraft:cooked_porkchop":5,"minecraft:crafting_table":1,"minecraft:wooden_pickaxe":1,"minecraft:furnace":1,"minecraft:stone":112,"minecraft:stone_axe":2,"minecraft:cooked_mutton":5,"minecraft:air":0,"minecraft:jungle_planks":16,"minecraft:dark_oak_fence":18,"minecraft:shield":1,"minecraft:melon_seeds":2,"minecraft:stick":84,"minecraft:iron_pickaxe":1,"minecraft:stone_pickaxe":2,"minecraft:stone_sword":1,"minecraft:chest":1,"minecraft:dark_oak_fence_gate":3,"minecraft:dark_oak_planks":64,"minecraft:torch":4,"minecraft:jungle_sign":6},"minecraft:dropped":{"minecraft:birch_sapling":1,"minecraft:cooked_mutton":1},"minecraft:picked_up":{"minecraft:magma_block":3,"minecraft:crafting_table":2,"minecraft:feather":3,"minecraft:basalt":6,"minecraft:chicken":2,"minecraft:wooden_pickaxe":2,"minecraft:red_mushroom":13,"minecraft:oak_log":38,"minecraft:shield":1,"minecraft:dirt":93,"minecraft:blue_bed":1,"minecraft:string":2,"minecraft:gold_nugget":1,"minecraft:iron_ingot":1,"minecraft:stone_pickaxe":1,"minecraft:iron_pickaxe":1,"minecraft:light_gray_wool":1,"minecraft:chest":1,"minecraft:sugar_cane":33,"minecraft:birch_sapling":1,"minecraft:oak_planks":17,"minecraft:furnace":1,"minecraft:egg":3,"minecraft:stick":2,"minecraft:sandstone":1,"minecraft:pumpkin":3,"minecraft:torch":5,"minecraft:quartz":18,"minecraft:sand":5,"minecraft:porkchop":5,"minecraft:dark_oak_log":21,"minecraft:jungle_sign":1,"minecraft:stone_sword":2,"minecraft:rotten_flesh":8,"minecraft:stone_axe":1,"minecraft:netherrack":2,"minecraft:mutton":5,"minecraft:coal":16,"minecraft:white_wool":2,"minecraft:cobblestone":33},"minecraft:used":{"minecraft:cooked_mutton":1,"minecraft:stone_sword":51,"minecraft:stone_pickaxe":9,"minecraft:chest":4,"minecraft:wooden_pickaxe":36,"minecraft:shield":2,"minecraft:sandstone":1,"minecraft:blue_bed":1,"minecraft:rotten_flesh":3,"minecraft:netherrack":2,"minecraft:torch":13,"minecraft:dirt":9,"minecraft:sand":5,"minecraft:crafting_table":1,"minecraft:dark_oak_fence_gate":3,"minecraft:iron_pickaxe":21,"minecraft:melon_seeds":2,"minecraft:basalt":2,"minecraft:stone_axe":56,"minecraft:jungle_sign":5,"minecraft:cobblestone":3,"minecraft:furnace":2,"minecraft:cooked_porkchop":2,"minecraft:dark_oak_fence":16}},"DataVersion":3465}